file_id,source_url,md5,md5_url,source_build,build_evidence,source_kind,first_author,year,journal,biomarker,trait,ancestry,gcst,n_study,size_bytes,suffix,columns,notes
2017_Wheeler_PLoSMed_HbA1c_AFR_GCST007952,https://ftp.ebi.ac.uk/pub/databases/gwas/summary_statistics/GCST007001-GCST008000/GCST007952/HbA1c_METAL_AfricanAmerican_updatedSept2018.txt.gz,,,NCBI36,checked: rs1260326 at its NCBI36 position (2:27584444),catalog_original,Wheeler E,2017,PLoS Medicine,HbA1c,Glycated hemoglobin levels,AFR,GCST007952,7564,47000000,.txt.gz,,
2017_Wheeler_PLoSMed_HbA1c_EAS_GCST007953,https://ftp.ebi.ac.uk/pub/databases/gwas/summary_statistics/GCST007001-GCST008000/GCST007953/HbA1c_METAL_EastAsian.txt.gz,,,NCBI36,checked: rs1260326 at its NCBI36 position (2:27584444),catalog_original,Wheeler E,2017,PLoS Medicine,HbA1c,Glycated hemoglobin levels,EAS,GCST007953,18472,34000000,.txt.gz,,
2017_Wheeler_PLoSMed_HbA1c_EUR_GCST007954,https://ftp.ebi.ac.uk/pub/databases/gwas/summary_statistics/GCST007001-GCST008000/GCST007954/HbA1c_METAL_European.txt.gz,,,NCBI36,checked: rs1260326 at its NCBI36 position (2:27584444),catalog_original,Wheeler E,2017,PLoS Medicine,HbA1c,Glycated hemoglobin levels,EUR,GCST007954,88355,37000000,.txt.gz,,
2017_Wheeler_PLoSMed_HbA1c_SAS_GCST007951,https://ftp.ebi.ac.uk/pub/databases/gwas/summary_statistics/GCST007001-GCST008000/GCST007951/HbA1c_METAL_SouthAsian_updatedSept2018.txt.gz,,,NCBI36,checked: rs1260326 at its NCBI36 position (2:27584444),catalog_original,Wheeler E,2017,PLoS Medicine,HbA1c,Glycated hemoglobin levels,SAS,GCST007951,7572,18000000,.txt.gz,,
2019_Teumer_NatCommun_UACR_AFR_GCST008793,https://ftp.ebi.ac.uk/pub/databases/gwas/summary_statistics/GCST008001-GCST009000/GCST008793/formatted_20180202-UACR_overall-AA-nstud_1-SumMac_400.rsid.tbl.gz,,https://ftp.ebi.ac.uk/pub/databases/gwas/summary_statistics/GCST008001-GCST009000/GCST008793/md5sum.txt,GRCh37,column-name (Pos_b37),catalog_original,Teumer A,2019,Nature Communications,UACR,Urinary albumin-to-creatinine ratio,AFR,GCST008793,6795,182000000,.txt.gz,effect_allele=Allele1;other_allele=Allele2;effect_allele_frequency=Freq1,METAL output (Effect/Freq1/Direction/HetISq columns): Allele1 is the effect allele and Freq1 its frequency
2019_Teumer_NatCommun_UACR_EUR_GCST008794,https://ftp.ebi.ac.uk/pub/databases/gwas/summary_statistics/GCST008001-GCST009000/GCST008794/formatted_20180517-UACR_overall-EA-nstud_18-SumMac_400.tbl.rsid.gz,,https://ftp.ebi.ac.uk/pub/databases/gwas/summary_statistics/GCST008001-GCST009000/GCST008794/md5sum.txt,GRCh37,column-name (Pos_b37),catalog_original,Teumer A,2019,Nature Communications,UACR,Urinary albumin-to-creatinine ratio,EUR,GCST008794,547361,193000000,.txt.gz,effect_allele=Allele1;other_allele=Allele2;effect_allele_frequency=Freq1,METAL output (Effect/Freq1/Direction/HetISq columns): Allele1 is the effect allele and Freq1 its frequency
2019_Teumer_NatCommun_UACR_MULTI_GCST008790,https://ftp.ebi.ac.uk/pub/databases/gwas/summary_statistics/GCST008001-GCST009000/GCST008790/formatted_20170711-UACR_overall-ALL-nstud_27-sumMac_400.tbl.rsid.gz,,https://ftp.ebi.ac.uk/pub/databases/gwas/summary_statistics/GCST008001-GCST009000/GCST008790/md5sum.txt,GRCh37,column-name (Pos_b37),catalog_original,Teumer A,2019,Nature Communications,UACR,Urinary albumin-to-creatinine ratio,MULTI,GCST008790,564257,149000000,.txt.gz,effect_allele=Allele1;other_allele=Allele2;effect_allele_frequency=Freq1,METAL output (Effect/Freq1/Direction/HetISq columns): Allele1 is the effect allele and Freq1 its frequency
2020_Chen_Cell_BasophilCount_AFR_GCST90002291,https://ftp.ebi.ac.uk/pub/databases/gwas/summary_statistics/GCST90002001-GCST90003000/GCST90002291/GCST90002291_buildGRCh37.tsv.gz,,https://ftp.ebi.ac.uk/pub/databases/gwas/summary_statistics/GCST90002001-GCST90003000/GCST90002291/md5sum.txt,GRCh37,catalog-metadata,catalog_original,Chen MH,2020,Cell,BasophilCount,Basophil count,AFR,GCST90002291,11502,638000000,.tsv.gz,,
2020_Chen_Cell_BasophilCount_AMR_GCST90002294,https://ftp.ebi.ac.uk/pub/databases/gwas/summary_statistics/GCST90002001-GCST90003000/GCST90002294/GCST90002294_buildGRCh37.tsv.gz,,https://ftp.ebi.ac.uk/pub/databases/gwas/summary_statistics/GCST90002001-GCST90003000/GCST90002294/md5sum.txt,GRCh37,catalog-metadata,catalog_original,Chen MH,2020,Cell,BasophilCount,Basophil count,AMR,GCST90002294,2969,400000000,.tsv.gz,,
2020_Chen_Cell_BasophilCount_EAS_GCST90002293,https://ftp.ebi.ac.uk/pub/databases/gwas/summary_statistics/GCST90002001-GCST90003000/GCST90002293/GCST90002293_buildGRCh37.tsv.gz,,https://ftp.ebi.ac.uk/pub/databases/gwas/summary_statistics/GCST90002001-GCST90003000/GCST90002293/md5sum.txt,GRCh37,catalog-metadata,catalog_original,Chen MH,2020,Cell,BasophilCount,Basophil count,EAS,GCST90002293,81042,278000000,.tsv.gz,,
2020_Chen_Cell_BasophilCount_EUR_GCST90002292,https://ftp.ebi.ac.uk/pub/databases/gwas/summary_statistics/GCST90002001-GCST90003000/GCST90002292/GCST90002292_buildGRCh37.tsv.gz,,https://ftp.ebi.ac.uk/pub/databases/gwas/summary_statistics/GCST90002001-GCST90003000/GCST90002292/md5sum.txt,GRCh37,catalog-metadata,catalog_original,Chen MH,2020,Cell,BasophilCount,Basophil count,EUR,GCST90002292,474001,863000000,.tsv.gz,,
2020_Chen_Cell_BasophilCount_MULTI_mhiGWAMA,https://www.mhi-humangenetics.org/dataset/BCX2_BAS_Trans_GWAMA.out.gz,,,GRCh37,author readme (MR-MEGA files of the same analysis are build 37),external,Chen MH,2020,Cell,BasophilCount,Basophil count,MULTI,,577663,3377014684,.txt.gz,effect_allele=reference_allele;n=n_samples;marker=rs_number;indels_from=rs_number,"authors' trans-ethnic inverse-variance GWAMA meta-analysis (beta, SE); GWAS Catalog GCST90002296 holds only the MR-MEGA trans-ethnic results (P value, no beta). Author readme: reference_allele is the effect allele; rs_number is chr:pos_a1_a2; indels are coded D/I with sequences in rs_number (D = shorter allele, checked: 105/105 Chen neutrophil indels match 1000 Genomes EUR frequencies)"
2020_Chen_Cell_BasophilCount_SAS_GCST90002295,https://ftp.ebi.ac.uk/pub/databases/gwas/summary_statistics/GCST90002001-GCST90003000/GCST90002295/GCST90002295_buildGRCh37.tsv.gz,,https://ftp.ebi.ac.uk/pub/databases/gwas/summary_statistics/GCST90002001-GCST90003000/GCST90002295/md5sum.txt,GRCh37,catalog-metadata,catalog_original,Chen MH,2020,Cell,BasophilCount,Basophil count,SAS,GCST90002295,8149,548000000,.tsv.gz,,
2020_Chen_Cell_EosinophilCount_AFR_GCST90002297,https://ftp.ebi.ac.uk/pub/databases/gwas/summary_statistics/GCST90002001-GCST90003000/GCST90002297/GCST90002297_buildGRCh37.tsv.gz,,https://ftp.ebi.ac.uk/pub/databases/gwas/summary_statistics/GCST90002001-GCST90003000/GCST90002297/md5sum.txt,GRCh37,catalog-metadata,catalog_original,Chen MH,2020,Cell,EosinophilCount,Eosinophil count,AFR,GCST90002297,11615,639000000,.tsv.gz,,
2020_Chen_Cell_EosinophilCount_AMR_GCST90002300,https://ftp.ebi.ac.uk/pub/databases/gwas/summary_statistics/GCST90002001-GCST90003000/GCST90002300/GCST90002300_buildGRCh37.tsv.gz,,https://ftp.ebi.ac.uk/pub/databases/gwas/summary_statistics/GCST90002001-GCST90003000/GCST90002300/md5sum.txt,GRCh37,catalog-metadata,catalog_original,Chen MH,2020,Cell,EosinophilCount,Eosinophil count,AMR,GCST90002300,2966,401000000,.tsv.gz,,
2020_Chen_Cell_EosinophilCount_EAS_GCST90002299,https://ftp.ebi.ac.uk/pub/databases/gwas/summary_statistics/GCST90002001-GCST90003000/GCST90002299/GCST90002299_buildGRCh37.tsv.gz,,https://ftp.ebi.ac.uk/pub/databases/gwas/summary_statistics/GCST90002001-GCST90003000/GCST90002299/md5sum.txt,GRCh37,catalog-metadata,catalog_original,Chen MH,2020,Cell,EosinophilCount,Eosinophil count,EAS,GCST90002299,86890,278000000,.tsv.gz,,
2020_Chen_Cell_EosinophilCount_EUR_GCST90002298,https://ftp.ebi.ac.uk/pub/databases/gwas/summary_statistics/GCST90002001-GCST90003000/GCST90002298/GCST90002298_buildGRCh37.tsv.gz,,https://ftp.ebi.ac.uk/pub/databases/gwas/summary_statistics/GCST90002001-GCST90003000/GCST90002298/md5sum.txt,GRCh37,catalog-metadata,catalog_original,Chen MH,2020,Cell,EosinophilCount,Eosinophil count,EUR,GCST90002298,474237,861000000,.tsv.gz,,
2020_Chen_Cell_EosinophilCount_MULTI_mhiGWAMA,https://www.mhi-humangenetics.org/dataset/BCX2_EOS_Trans_GWAMA.out.gz,,,GRCh37,author readme (MR-MEGA files of the same analysis are build 37),external,Chen MH,2020,Cell,EosinophilCount,Eosinophil count,MULTI,,583850,3377046208,.txt.gz,effect_allele=reference_allele;n=n_samples;marker=rs_number;indels_from=rs_number,"authors' trans-ethnic inverse-variance GWAMA meta-analysis (beta, SE); GWAS Catalog GCST90002302 holds only the MR-MEGA trans-ethnic results (P value, no beta). Author readme: reference_allele is the effect allele; rs_number is chr:pos_a1_a2; indels are coded D/I with sequences in rs_number (D = shorter allele, checked: 105/105 Chen neutrophil indels match 1000 Genomes EUR frequencies)"
2020_Chen_Cell_EosinophilCount_SAS_GCST90002301,https://ftp.ebi.ac.uk/pub/databases/gwas/summary_statistics/GCST90002001-GCST90003000/GCST90002301/GCST90002301_buildGRCh37.tsv.gz,,https://ftp.ebi.ac.uk/pub/databases/gwas/summary_statistics/GCST90002001-GCST90003000/GCST90002301/md5sum.txt,GRCh37,catalog-metadata,catalog_original,Chen MH,2020,Cell,EosinophilCount,Eosinophil count,SAS,GCST90002301,8142,548000000,.tsv.gz,,
2020_Chen_Cell_Hematocrit_AFR_GCST90002303,https://ftp.ebi.ac.uk/pub/databases/gwas/summary_statistics/GCST90002001-GCST90003000/GCST90002303/GCST90002303_buildGRCh37.tsv.gz,,https://ftp.ebi.ac.uk/pub/databases/gwas/summary_statistics/GCST90002001-GCST90003000/GCST90002303/md5sum.txt,GRCh37,catalog-metadata,catalog_original,Chen MH,2020,Cell,Hematocrit,Hematocrit,AFR,GCST90002303,15134,656000000,.tsv.gz,,
2020_Chen_Cell_Hematocrit_AMR_GCST90002306,https://ftp.ebi.ac.uk/pub/databases/gwas/summary_statistics/GCST90002001-GCST90003000/GCST90002306/GCST90002306_buildGRCh37.tsv.gz,,https://ftp.ebi.ac.uk/pub/databases/gwas/summary_statistics/GCST90002001-GCST90003000/GCST90002306/md5sum.txt,GRCh37,catalog-metadata,catalog_original,Chen MH,2020,Cell,Hematocrit,Hematocrit,AMR,GCST90002306,9301,464000000,.tsv.gz,,
2020_Chen_Cell_Hematocrit_EAS_GCST90002305,https://ftp.ebi.ac.uk/pub/databases/gwas/summary_statistics/GCST90002001-GCST90003000/GCST90002305/GCST90002305_buildGRCh37.tsv.gz,,https://ftp.ebi.ac.uk/pub/databases/gwas/summary_statistics/GCST90002001-GCST90003000/GCST90002305/md5sum.txt,GRCh37,catalog-metadata,catalog_original,Chen MH,2020,Cell,Hematocrit,Hematocrit,EAS,GCST90002305,142940,277000000,.tsv.gz,,
2020_Chen_Cell_Hematocrit_EUR_GCST90002304,https://ftp.ebi.ac.uk/pub/databases/gwas/summary_statistics/GCST90002001-GCST90003000/GCST90002304/GCST90002304_buildGRCh37.tsv.gz,,https://ftp.ebi.ac.uk/pub/databases/gwas/summary_statistics/GCST90002001-GCST90003000/GCST90002304/md5sum.txt,GRCh37,catalog-metadata,catalog_original,Chen MH,2020,Cell,Hematocrit,Hematocrit,EUR,GCST90002304,562259,872000000,.tsv.gz,,
2020_Chen_Cell_Hematocrit_MULTI_mhiGWAMA,https://www.mhi-humangenetics.org/dataset/BCX2_HCT_Trans_GWAMA.out.gz,,,GRCh37,author readme (MR-MEGA files of the same analysis are build 37),external,Chen MH,2020,Cell,Hematocrit,Hematocrit,MULTI,,737823,3538757015,.txt.gz,effect_allele=reference_allele;n=n_samples;marker=rs_number;indels_from=rs_number,"authors' trans-ethnic inverse-variance GWAMA meta-analysis (beta, SE); GWAS Catalog GCST90002308 holds only the MR-MEGA trans-ethnic results (P value, no beta). Author readme: reference_allele is the effect allele; rs_number is chr:pos_a1_a2; indels are coded D/I with sequences in rs_number (D = shorter allele, checked: 105/105 Chen neutrophil indels match 1000 Genomes EUR frequencies)"
2020_Chen_Cell_Hematocrit_SAS_GCST90002307,https://ftp.ebi.ac.uk/pub/databases/gwas/summary_statistics/GCST90002001-GCST90003000/GCST90002307/GCST90002307_buildGRCh37.tsv.gz,,https://ftp.ebi.ac.uk/pub/databases/gwas/summary_statistics/GCST90002001-GCST90003000/GCST90002307/md5sum.txt,GRCh37,catalog-metadata,catalog_original,Chen MH,2020,Cell,Hematocrit,Hematocrit,SAS,GCST90002307,8189,549000000,.tsv.gz,,
2020_Chen_Cell_HemoglobinConcentration_AFR_GCST90002309,https://ftp.ebi.ac.uk/pub/databases/gwas/summary_statistics/GCST90002001-GCST90003000/GCST90002309/GCST90002309_buildGRCh37.tsv.gz,,https://ftp.ebi.ac.uk/pub/databases/gwas/summary_statistics/GCST90002001-GCST90003000/GCST90002309/md5sum.txt,GRCh37,catalog-metadata,catalog_original,Chen MH,2020,Cell,HemoglobinConcentration,Hemoglobin concentration,AFR,GCST90002309,15133,656000000,.tsv.gz,,
2020_Chen_Cell_HemoglobinConcentration_AMR_GCST90002312,https://ftp.ebi.ac.uk/pub/databases/gwas/summary_statistics/GCST90002001-GCST90003000/GCST90002312/GCST90002312_buildGRCh37.tsv.gz,,https://ftp.ebi.ac.uk/pub/databases/gwas/summary_statistics/GCST90002001-GCST90003000/GCST90002312/md5sum.txt,GRCh37,catalog-metadata,catalog_original,Chen MH,2020,Cell,HemoglobinConcentration,Hemoglobin concentration,AMR,GCST90002312,9302,464000000,.tsv.gz,,
2020_Chen_Cell_HemoglobinConcentration_EAS_GCST90002311,https://ftp.ebi.ac.uk/pub/databases/gwas/summary_statistics/GCST90002001-GCST90003000/GCST90002311/GCST90002311_buildGRCh37.tsv.gz,,https://ftp.ebi.ac.uk/pub/databases/gwas/summary_statistics/GCST90002001-GCST90003000/GCST90002311/md5sum.txt,GRCh37,catalog-metadata,catalog_original,Chen MH,2020,Cell,HemoglobinConcentration,Hemoglobin concentration,EAS,GCST90002311,149861,286000000,.tsv.gz,,
2020_Chen_Cell_HemoglobinConcentration_EUR_GCST90002310,https://ftp.ebi.ac.uk/pub/databases/gwas/summary_statistics/GCST90002001-GCST90003000/GCST90002310/GCST90002310_buildGRCh37.tsv.gz,,https://ftp.ebi.ac.uk/pub/databases/gwas/summary_statistics/GCST90002001-GCST90003000/GCST90002310/md5sum.txt,GRCh37,catalog-metadata,catalog_original,Chen MH,2020,Cell,HemoglobinConcentration,Hemoglobin concentration,EUR,GCST90002310,563946,872000000,.tsv.gz,,
2020_Chen_Cell_HemoglobinConcentration_MULTI_mhiGWAMA,https://www.mhi-humangenetics.org/dataset/BCX2_HGB_Trans_GWAMA.out.gz,,,GRCh37,author readme (MR-MEGA files of the same analysis are build 37),external,Chen MH,2020,Cell,HemoglobinConcentration,Hemoglobin concentration,MULTI,,746431,3569543352,.txt.gz,effect_allele=reference_allele;n=n_samples;marker=rs_number;indels_from=rs_number,"authors' trans-ethnic inverse-variance GWAMA meta-analysis (beta, SE); GWAS Catalog GCST90002314 holds only the MR-MEGA trans-ethnic results (P value, no beta). Author readme: reference_allele is the effect allele; rs_number is chr:pos_a1_a2; indels are coded D/I with sequences in rs_number (D = shorter allele, checked: 105/105 Chen neutrophil indels match 1000 Genomes EUR frequencies)"
2020_Chen_Cell_HemoglobinConcentration_SAS_GCST90002313,https://ftp.ebi.ac.uk/pub/databases/gwas/summary_statistics/GCST90002001-GCST90003000/GCST90002313/GCST90002313_buildGRCh37.tsv.gz,,https://ftp.ebi.ac.uk/pub/databases/gwas/summary_statistics/GCST90002001-GCST90003000/GCST90002313/md5sum.txt,GRCh37,catalog-metadata,catalog_original,Chen MH,2020,Cell,HemoglobinConcentration,Hemoglobin concentration,SAS,GCST90002313,8189,549000000,.tsv.gz,,
2020_Chen_Cell_LymphocyteCount_AFR_GCST90002315,https://ftp.ebi.ac.uk/pub/databases/gwas/summary_statistics/GCST90002001-GCST90003000/GCST90002315/GCST90002315_buildGRCh37.tsv.gz,,https://ftp.ebi.ac.uk/pub/databases/gwas/summary_statistics/GCST90002001-GCST90003000/GCST90002315/md5sum.txt,GRCh37,catalog-metadata,catalog_original,Chen MH,2020,Cell,LymphocyteCount,Lymphocyte count,AFR,GCST90002315,13477,648000000,.tsv.gz,,
2020_Chen_Cell_LymphocyteCount_AMR_GCST90002318,https://ftp.ebi.ac.uk/pub/databases/gwas/summary_statistics/GCST90002001-GCST90003000/GCST90002318/GCST90002318_buildGRCh37.tsv.gz,,https://ftp.ebi.ac.uk/pub/databases/gwas/summary_statistics/GCST90002001-GCST90003000/GCST90002318/md5sum.txt,GRCh37,catalog-metadata,catalog_original,Chen MH,2020,Cell,LymphocyteCount,Lymphocyte count,AMR,GCST90002318,7541,444000000,.tsv.gz,,
2020_Chen_Cell_LymphocyteCount_EAS_GCST90002317,https://ftp.ebi.ac.uk/pub/databases/gwas/summary_statistics/GCST90002001-GCST90003000/GCST90002317/GCST90002317_buildGRCh37.tsv.gz,,https://ftp.ebi.ac.uk/pub/databases/gwas/summary_statistics/GCST90002001-GCST90003000/GCST90002317/md5sum.txt,GRCh37,catalog-metadata,catalog_original,Chen MH,2020,Cell,LymphocyteCount,Lymphocyte count,EAS,GCST90002317,89266,278000000,.tsv.gz,,
2020_Chen_Cell_LymphocyteCount_EUR_GCST90002316,https://ftp.ebi.ac.uk/pub/databases/gwas/summary_statistics/GCST90002001-GCST90003000/GCST90002316/GCST90002316_buildGRCh37.tsv.gz,,https://ftp.ebi.ac.uk/pub/databases/gwas/summary_statistics/GCST90002001-GCST90003000/GCST90002316/md5sum.txt,GRCh37,catalog-metadata,catalog_original,Chen MH,2020,Cell,LymphocyteCount,Lymphocyte count,EUR,GCST90002316,524923,866000000,.tsv.gz,,
2020_Chen_Cell_LymphocyteCount_MULTI_mhiGWAMA,https://www.mhi-humangenetics.org/dataset/BCX2_LYM_Trans_GWAMA.out.gz,,,GRCh37,author readme (MR-MEGA files of the same analysis are build 37),external,Chen MH,2020,Cell,LymphocyteCount,Lymphocyte count,MULTI,,643370,3470523026,.txt.gz,effect_allele=reference_allele;n=n_samples;marker=rs_number;indels_from=rs_number,"authors' trans-ethnic inverse-variance GWAMA meta-analysis (beta, SE); GWAS Catalog GCST90002320 holds only the MR-MEGA trans-ethnic results (P value, no beta). Author readme: reference_allele is the effect allele; rs_number is chr:pos_a1_a2; indels are coded D/I with sequences in rs_number (D = shorter allele, checked: 105/105 Chen neutrophil indels match 1000 Genomes EUR frequencies)"
2020_Chen_Cell_LymphocyteCount_SAS_GCST90002319,https://ftp.ebi.ac.uk/pub/databases/gwas/summary_statistics/GCST90002001-GCST90003000/GCST90002319/GCST90002319_buildGRCh37.tsv.gz,,https://ftp.ebi.ac.uk/pub/databases/gwas/summary_statistics/GCST90002001-GCST90003000/GCST90002319/md5sum.txt,GRCh37,catalog-metadata,catalog_original,Chen MH,2020,Cell,LymphocyteCount,Lymphocyte count,SAS,GCST90002319,8163,549000000,.tsv.gz,,
2020_Chen_Cell_MeanCorpuscularHemoglobinConcentration_AFR_GCST90002327,https://ftp.ebi.ac.uk/pub/databases/gwas/summary_statistics/GCST90002001-GCST90003000/GCST90002327/GCST90002327_buildGRCh37.tsv.gz,,https://ftp.ebi.ac.uk/pub/databases/gwas/summary_statistics/GCST90002001-GCST90003000/GCST90002327/md5sum.txt,GRCh37,catalog-metadata,catalog_original,Chen MH,2020,Cell,MeanCorpuscularHemoglobinConcentration,Mean corpuscular hemoglobin concentration,AFR,GCST90002327,12766,644000000,.tsv.gz,,
2020_Chen_Cell_MeanCorpuscularHemoglobinConcentration_AMR_GCST90002330,https://ftp.ebi.ac.uk/pub/databases/gwas/summary_statistics/GCST90002001-GCST90003000/GCST90002330/GCST90002330_buildGRCh37.tsv.gz,,https://ftp.ebi.ac.uk/pub/databases/gwas/summary_statistics/GCST90002001-GCST90003000/GCST90002330/md5sum.txt,GRCh37,catalog-metadata,catalog_original,Chen MH,2020,Cell,MeanCorpuscularHemoglobinConcentration,Mean corpuscular hemoglobin concentration,AMR,GCST90002330,3518,420000000,.tsv.gz,,
2020_Chen_Cell_MeanCorpuscularHemoglobinConcentration_EAS_GCST90002329,https://ftp.ebi.ac.uk/pub/databases/gwas/summary_statistics/GCST90002001-GCST90003000/GCST90002329/GCST90002329_buildGRCh37.tsv.gz,,https://ftp.ebi.ac.uk/pub/databases/gwas/summary_statistics/GCST90002001-GCST90003000/GCST90002329/md5sum.txt,GRCh37,catalog-metadata,catalog_original,Chen MH,2020,Cell,MeanCorpuscularHemoglobinConcentration,Mean corpuscular hemoglobin concentration,EAS,GCST90002329,126151,277000000,.tsv.gz,,
2020_Chen_Cell_MeanCorpuscularHemoglobinConcentration_EUR_GCST90002328,https://ftp.ebi.ac.uk/pub/databases/gwas/summary_statistics/GCST90002001-GCST90003000/GCST90002328/GCST90002328_buildGRCh37.tsv.gz,,https://ftp.ebi.ac.uk/pub/databases/gwas/summary_statistics/GCST90002001-GCST90003000/GCST90002328/md5sum.txt,GRCh37,catalog-metadata,catalog_original,Chen MH,2020,Cell,MeanCorpuscularHemoglobinConcentration,Mean corpuscular hemoglobin concentration,EUR,GCST90002328,491553,866000000,.tsv.gz,,
2020_Chen_Cell_MeanCorpuscularHemoglobinConcentration_MULTI_mhiGWAMA,https://www.mhi-humangenetics.org/dataset/BCX2_MCHC_Trans_GWAMA.out.gz,,,GRCh37,author readme (MR-MEGA files of the same analysis are build 37),external,Chen MH,2020,Cell,MeanCorpuscularHemoglobinConcentration,Mean corpuscular hemoglobin concentration,MULTI,,642173,3459366361,.txt.gz,effect_allele=reference_allele;n=n_samples;marker=rs_number;indels_from=rs_number,"authors' trans-ethnic inverse-variance GWAMA meta-analysis (beta, SE); GWAS Catalog GCST90002332 holds only the MR-MEGA trans-ethnic results (P value, no beta). Author readme: reference_allele is the effect allele; rs_number is chr:pos_a1_a2; indels are coded D/I with sequences in rs_number (D = shorter allele, checked: 105/105 Chen neutrophil indels match 1000 Genomes EUR frequencies)"
2020_Chen_Cell_MeanCorpuscularHemoglobinConcentration_SAS_GCST90002331,https://ftp.ebi.ac.uk/pub/databases/gwas/summary_statistics/GCST90002001-GCST90003000/GCST90002331/GCST90002331_buildGRCh37.tsv.gz,,https://ftp.ebi.ac.uk/pub/databases/gwas/summary_statistics/GCST90002001-GCST90003000/GCST90002331/md5sum.txt,GRCh37,catalog-metadata,catalog_original,Chen MH,2020,Cell,MeanCorpuscularHemoglobinConcentration,Mean corpuscular hemoglobin concentration,SAS,GCST90002331,8185,549000000,.tsv.gz,,
2020_Chen_Cell_MeanCorpuscularHemoglobin_AFR_GCST90002321,https://ftp.ebi.ac.uk/pub/databases/gwas/summary_statistics/GCST90002001-GCST90003000/GCST90002321/GCST90002321_buildGRCh37.tsv.gz,,https://ftp.ebi.ac.uk/pub/databases/gwas/summary_statistics/GCST90002001-GCST90003000/GCST90002321/md5sum.txt,GRCh37,catalog-metadata,catalog_original,Chen MH,2020,Cell,MeanCorpuscularHemoglobin,Mean corpuscular hemoglobin,AFR,GCST90002321,11974,640000000,.tsv.gz,,
2020_Chen_Cell_MeanCorpuscularHemoglobin_AMR_GCST90002324,https://ftp.ebi.ac.uk/pub/databases/gwas/summary_statistics/GCST90002001-GCST90003000/GCST90002324/GCST90002324_buildGRCh37.tsv.gz,,https://ftp.ebi.ac.uk/pub/databases/gwas/summary_statistics/GCST90002001-GCST90003000/GCST90002324/md5sum.txt,GRCh37,catalog-metadata,catalog_original,Chen MH,2020,Cell,MeanCorpuscularHemoglobin,Mean corpuscular hemoglobin,AMR,GCST90002324,3518,420000000,.tsv.gz,,
2020_Chen_Cell_MeanCorpuscularHemoglobin_EAS_GCST90002323,https://ftp.ebi.ac.uk/pub/databases/gwas/summary_statistics/GCST90002001-GCST90003000/GCST90002323/GCST90002323_buildGRCh37.tsv.gz,,https://ftp.ebi.ac.uk/pub/databases/gwas/summary_statistics/GCST90002001-GCST90003000/GCST90002323/md5sum.txt,GRCh37,catalog-metadata,catalog_original,Chen MH,2020,Cell,MeanCorpuscularHemoglobin,Mean corpuscular hemoglobin,EAS,GCST90002323,119629,277000000,.tsv.gz,,
2020_Chen_Cell_MeanCorpuscularHemoglobin_EUR_GCST90002322,https://ftp.ebi.ac.uk/pub/databases/gwas/summary_statistics/GCST90002001-GCST90003000/GCST90002322/GCST90002322_buildGRCh37.tsv.gz,,https://ftp.ebi.ac.uk/pub/databases/gwas/summary_statistics/GCST90002001-GCST90003000/GCST90002322/md5sum.txt,GRCh37,catalog-metadata,catalog_original,Chen MH,2020,Cell,MeanCorpuscularHemoglobin,Mean corpuscular hemoglobin,EUR,GCST90002322,486823,865000000,.tsv.gz,,
2020_Chen_Cell_MeanCorpuscularHemoglobin_MULTI_mhiGWAMA,https://www.mhi-humangenetics.org/dataset/BCX2_MCH_Trans_GWAMA.out.gz,,,GRCh37,author readme (MR-MEGA files of the same analysis are build 37),external,Chen MH,2020,Cell,MeanCorpuscularHemoglobin,Mean corpuscular hemoglobin,MULTI,,630125,3439280326,.txt.gz,effect_allele=reference_allele;n=n_samples;marker=rs_number;indels_from=rs_number,"authors' trans-ethnic inverse-variance GWAMA meta-analysis (beta, SE); GWAS Catalog GCST90002326 holds only the MR-MEGA trans-ethnic results (P value, no beta). Author readme: reference_allele is the effect allele; rs_number is chr:pos_a1_a2; indels are coded D/I with sequences in rs_number (D = shorter allele, checked: 105/105 Chen neutrophil indels match 1000 Genomes EUR frequencies)"
2020_Chen_Cell_MeanCorpuscularHemoglobin_SAS_GCST90002325,https://ftp.ebi.ac.uk/pub/databases/gwas/summary_statistics/GCST90002001-GCST90003000/GCST90002325/GCST90002325_buildGRCh37.tsv.gz,,https://ftp.ebi.ac.uk/pub/databases/gwas/summary_statistics/GCST90002001-GCST90003000/GCST90002325/md5sum.txt,GRCh37,catalog-metadata,catalog_original,Chen MH,2020,Cell,MeanCorpuscularHemoglobin,Mean corpuscular hemoglobin,SAS,GCST90002325,8181,549000000,.tsv.gz,,
2020_Chen_Cell_MeanCorpuscularVolume_AFR_GCST90002333,https://ftp.ebi.ac.uk/pub/databases/gwas/summary_statistics/GCST90002001-GCST90003000/GCST90002333/GCST90002333_buildGRCh37.tsv.gz,,https://ftp.ebi.ac.uk/pub/databases/gwas/summary_statistics/GCST90002001-GCST90003000/GCST90002333/md5sum.txt,GRCh37,catalog-metadata,catalog_original,Chen MH,2020,Cell,MeanCorpuscularVolume,Mean corpuscular volume,AFR,GCST90002333,14222,652000000,.tsv.gz,,
2020_Chen_Cell_MeanCorpuscularVolume_AMR_GCST90002336,https://ftp.ebi.ac.uk/pub/databases/gwas/summary_statistics/GCST90002001-GCST90003000/GCST90002336/GCST90002336_buildGRCh37.tsv.gz,,https://ftp.ebi.ac.uk/pub/databases/gwas/summary_statistics/GCST90002001-GCST90003000/GCST90002336/md5sum.txt,GRCh37,catalog-metadata,catalog_original,Chen MH,2020,Cell,MeanCorpuscularVolume,Mean corpuscular volume,AMR,GCST90002336,9298,464000000,.tsv.gz,,
2020_Chen_Cell_MeanCorpuscularVolume_EAS_GCST90002335,https://ftp.ebi.ac.uk/pub/databases/gwas/summary_statistics/GCST90002001-GCST90003000/GCST90002335/GCST90002335_buildGRCh37.tsv.gz,,https://ftp.ebi.ac.uk/pub/databases/gwas/summary_statistics/GCST90002001-GCST90003000/GCST90002335/md5sum.txt,GRCh37,catalog-metadata,catalog_original,Chen MH,2020,Cell,MeanCorpuscularVolume,Mean corpuscular volume,EAS,GCST90002335,121047,277000000,.tsv.gz,,
2020_Chen_Cell_MeanCorpuscularVolume_EUR_GCST90002334,https://ftp.ebi.ac.uk/pub/databases/gwas/summary_statistics/GCST90002001-GCST90003000/GCST90002334/GCST90002334_buildGRCh37.tsv.gz,,https://ftp.ebi.ac.uk/pub/databases/gwas/summary_statistics/GCST90002001-GCST90003000/GCST90002334/md5sum.txt,GRCh37,catalog-metadata,catalog_original,Chen MH,2020,Cell,MeanCorpuscularVolume,Mean corpuscular volume,EUR,GCST90002334,544127,871000000,.tsv.gz,,
2020_Chen_Cell_MeanCorpuscularVolume_MULTI_mhiGWAMA,https://www.mhi-humangenetics.org/dataset/BCX2_MCV_Trans_GWAMA.out.gz,,,GRCh37,author readme (MR-MEGA files of the same analysis are build 37),external,Chen MH,2020,Cell,MeanCorpuscularVolume,Mean corpuscular volume,MULTI,,696882,3512833246,.txt.gz,effect_allele=reference_allele;n=n_samples;marker=rs_number;indels_from=rs_number,"authors' trans-ethnic inverse-variance GWAMA meta-analysis (beta, SE); GWAS Catalog GCST90002338 holds only the MR-MEGA trans-ethnic results (P value, no beta). Author readme: reference_allele is the effect allele; rs_number is chr:pos_a1_a2; indels are coded D/I with sequences in rs_number (D = shorter allele, checked: 105/105 Chen neutrophil indels match 1000 Genomes EUR frequencies)"
2020_Chen_Cell_MeanCorpuscularVolume_SAS_GCST90002337,https://ftp.ebi.ac.uk/pub/databases/gwas/summary_statistics/GCST90002001-GCST90003000/GCST90002337/GCST90002337_buildGRCh37.tsv.gz,,https://ftp.ebi.ac.uk/pub/databases/gwas/summary_statistics/GCST90002001-GCST90003000/GCST90002337/md5sum.txt,GRCh37,catalog-metadata,catalog_original,Chen MH,2020,Cell,MeanCorpuscularVolume,Mean corpuscular volume,SAS,GCST90002337,8188,549000000,.tsv.gz,,
2020_Chen_Cell_MeanPlateletVolume_AFR_GCST90002345,https://ftp.ebi.ac.uk/pub/databases/gwas/summary_statistics/GCST90002001-GCST90003000/GCST90002345/GCST90002345_buildGRCh37.tsv.gz,,https://ftp.ebi.ac.uk/pub/databases/gwas/summary_statistics/GCST90002001-GCST90003000/GCST90002345/md5sum.txt,GRCh37,catalog-metadata,catalog_original,Chen MH,2020,Cell,MeanPlateletVolume,Mean platelet volume,AFR,GCST90002345,10737,640000000,.tsv.gz,,
2020_Chen_Cell_MeanPlateletVolume_AMR_GCST90002347,https://ftp.ebi.ac.uk/pub/databases/gwas/summary_statistics/GCST90002001-GCST90003000/GCST90002347/GCST90002347_buildGRCh37.tsv.gz,,https://ftp.ebi.ac.uk/pub/databases/gwas/summary_statistics/GCST90002001-GCST90003000/GCST90002347/md5sum.txt,GRCh37,catalog-metadata,catalog_original,Chen MH,2020,Cell,MeanPlateletVolume,Mean platelet volume,AMR,GCST90002347,2810,387000000,.tsv.gz,,
2020_Chen_Cell_MeanPlateletVolume_EUR_GCST90002346,https://ftp.ebi.ac.uk/pub/databases/gwas/summary_statistics/GCST90002001-GCST90003000/GCST90002346/GCST90002346_buildGRCh37.tsv.gz,,https://ftp.ebi.ac.uk/pub/databases/gwas/summary_statistics/GCST90002001-GCST90003000/GCST90002346/md5sum.txt,GRCh37,catalog-metadata,catalog_original,Chen MH,2020,Cell,MeanPlateletVolume,Mean platelet volume,EUR,GCST90002346,460935,858000000,.tsv.gz,,
2020_Chen_Cell_MeanPlateletVolume_MULTI_mhiGWAMA,https://www.mhi-humangenetics.org/dataset/BCX2_MPV_Trans_GWAMA.out.gz,,,GRCh37,author readme (MR-MEGA files of the same analysis are build 37),external,Chen MH,2020,Cell,MeanPlateletVolume,Mean platelet volume,MULTI,,484042,3287089388,.txt.gz,effect_allele=reference_allele;n=n_samples;marker=rs_number;indels_from=rs_number,"authors' trans-ethnic inverse-variance GWAMA meta-analysis (beta, SE); GWAS Catalog GCST90002349 holds only the MR-MEGA trans-ethnic results (P value, no beta). Author readme: reference_allele is the effect allele; rs_number is chr:pos_a1_a2; indels are coded D/I with sequences in rs_number (D = shorter allele, checked: 105/105 Chen neutrophil indels match 1000 Genomes EUR frequencies)"
2020_Chen_Cell_MeanPlateletVolume_SAS_GCST90002348,https://ftp.ebi.ac.uk/pub/databases/gwas/summary_statistics/GCST90002001-GCST90003000/GCST90002348/GCST90002348_buildGRCh37.tsv.gz,,https://ftp.ebi.ac.uk/pub/databases/gwas/summary_statistics/GCST90002001-GCST90003000/GCST90002348/md5sum.txt,GRCh37,catalog-metadata,catalog_original,Chen MH,2020,Cell,MeanPlateletVolume,Mean platelet volume,SAS,GCST90002348,8189,549000000,.tsv.gz,,
2020_Chen_Cell_MonocyteCount_AFR_GCST90002339,https://ftp.ebi.ac.uk/pub/databases/gwas/summary_statistics/GCST90002001-GCST90003000/GCST90002339/GCST90002339_buildGRCh37.tsv.gz,,https://ftp.ebi.ac.uk/pub/databases/gwas/summary_statistics/GCST90002001-GCST90003000/GCST90002339/md5sum.txt,GRCh37,catalog-metadata,catalog_original,Chen MH,2020,Cell,MonocyteCount,Monocyte count,AFR,GCST90002339,13471,648000000,.tsv.gz,,
2020_Chen_Cell_MonocyteCount_AMR_GCST90002342,https://ftp.ebi.ac.uk/pub/databases/gwas/summary_statistics/GCST90002001-GCST90003000/GCST90002342/GCST90002342_buildGRCh37.tsv.gz,,https://ftp.ebi.ac.uk/pub/databases/gwas/summary_statistics/GCST90002001-GCST90003000/GCST90002342/md5sum.txt,GRCh37,catalog-metadata,catalog_original,Chen MH,2020,Cell,MonocyteCount,Monocyte count,AMR,GCST90002342,7543,444000000,.tsv.gz,,
2020_Chen_Cell_MonocyteCount_EAS_GCST90002341,https://ftp.ebi.ac.uk/pub/databases/gwas/summary_statistics/GCST90002001-GCST90003000/GCST90002341/GCST90002341_buildGRCh37.tsv.gz,,https://ftp.ebi.ac.uk/pub/databases/gwas/summary_statistics/GCST90002001-GCST90003000/GCST90002341/md5sum.txt,GRCh37,catalog-metadata,catalog_original,Chen MH,2020,Cell,MonocyteCount,Monocyte count,EAS,GCST90002341,88929,278000000,.tsv.gz,,
2020_Chen_Cell_MonocyteCount_EUR_GCST90002340,https://ftp.ebi.ac.uk/pub/databases/gwas/summary_statistics/GCST90002001-GCST90003000/GCST90002340/GCST90002340_buildGRCh37.tsv.gz,,https://ftp.ebi.ac.uk/pub/databases/gwas/summary_statistics/GCST90002001-GCST90003000/GCST90002340/md5sum.txt,GRCh37,catalog-metadata,catalog_original,Chen MH,2020,Cell,MonocyteCount,Monocyte count,EUR,GCST90002340,521594,866000000,.tsv.gz,,
2020_Chen_Cell_MonocyteCount_MULTI_mhiGWAMA,https://www.mhi-humangenetics.org/dataset/BCX2_MON_Trans_GWAMA.out.gz,,,GRCh37,author readme (MR-MEGA files of the same analysis are build 37),external,Chen MH,2020,Cell,MonocyteCount,Monocyte count,MULTI,,639696,3469503966,.txt.gz,effect_allele=reference_allele;n=n_samples;marker=rs_number;indels_from=rs_number,"authors' trans-ethnic inverse-variance GWAMA meta-analysis (beta, SE); GWAS Catalog GCST90002344 holds only the MR-MEGA trans-ethnic results (P value, no beta). Author readme: reference_allele is the effect allele; rs_number is chr:pos_a1_a2; indels are coded D/I with sequences in rs_number (D = shorter allele, checked: 105/105 Chen neutrophil indels match 1000 Genomes EUR frequencies)"
2020_Chen_Cell_MonocyteCount_SAS_GCST90002343,https://ftp.ebi.ac.uk/pub/databases/gwas/summary_statistics/GCST90002001-GCST90003000/GCST90002343/GCST90002343_buildGRCh37.tsv.gz,,https://ftp.ebi.ac.uk/pub/databases/gwas/summary_statistics/GCST90002001-GCST90003000/GCST90002343/md5sum.txt,GRCh37,catalog-metadata,catalog_original,Chen MH,2020,Cell,MonocyteCount,Monocyte count,SAS,GCST90002343,7043,549000000,.tsv.gz,,
2020_Chen_Cell_NeutrophilCount_AFR_GCST90002350,https://ftp.ebi.ac.uk/pub/databases/gwas/summary_statistics/GCST90002001-GCST90003000/GCST90002350/GCST90002350_buildGRCh37.tsv.gz,,https://ftp.ebi.ac.uk/pub/databases/gwas/summary_statistics/GCST90002001-GCST90003000/GCST90002350/md5sum.txt,GRCh37,catalog-metadata,catalog_original,Chen MH,2020,Cell,NeutrophilCount,Neutrophil count,AFR,GCST90002350,13476,648000000,.tsv.gz,,
2020_Chen_Cell_NeutrophilCount_AMR_GCST90002353,https://ftp.ebi.ac.uk/pub/databases/gwas/summary_statistics/GCST90002001-GCST90003000/GCST90002353/GCST90002353_buildGRCh37.tsv.gz,,https://ftp.ebi.ac.uk/pub/databases/gwas/summary_statistics/GCST90002001-GCST90003000/GCST90002353/md5sum.txt,GRCh37,catalog-metadata,catalog_original,Chen MH,2020,Cell,NeutrophilCount,Neutrophil count,AMR,GCST90002353,7542,444000000,.tsv.gz,,
2020_Chen_Cell_NeutrophilCount_EAS_GCST90002352,https://ftp.ebi.ac.uk/pub/databases/gwas/summary_statistics/GCST90002001-GCST90003000/GCST90002352/GCST90002352_buildGRCh37.tsv.gz,,https://ftp.ebi.ac.uk/pub/databases/gwas/summary_statistics/GCST90002001-GCST90003000/GCST90002352/md5sum.txt,GRCh37,catalog-metadata,catalog_original,Chen MH,2020,Cell,NeutrophilCount,Neutrophil count,EAS,GCST90002352,78744,278000000,.tsv.gz,,
2020_Chen_Cell_NeutrophilCount_EUR_GCST90002351,https://ftp.ebi.ac.uk/pub/databases/gwas/summary_statistics/GCST90002001-GCST90003000/GCST90002351/GCST90002351_buildGRCh37.tsv.gz,,https://ftp.ebi.ac.uk/pub/databases/gwas/summary_statistics/GCST90002001-GCST90003000/GCST90002351/md5sum.txt,GRCh37,catalog-metadata,catalog_original,Chen MH,2020,Cell,NeutrophilCount,Neutrophil count,EUR,GCST90002351,519288,866000000,.tsv.gz,,
2020_Chen_Cell_NeutrophilCount_MULTI_mhiGWAMA,https://www.mhi-humangenetics.org/dataset/BCX2_NEU_Trans_GWAMA.out.gz,,,GRCh37,author readme (MR-MEGA files of the same analysis are build 37),external,Chen MH,2020,Cell,NeutrophilCount,Neutrophil count,MULTI,,627215,3451160485,.txt.gz,effect_allele=reference_allele;n=n_samples;marker=rs_number;indels_from=rs_number,"authors' trans-ethnic inverse-variance GWAMA meta-analysis (beta, SE); GWAS Catalog GCST90002355 holds only the MR-MEGA trans-ethnic results (P value, no beta). Author readme: reference_allele is the effect allele; rs_number is chr:pos_a1_a2; indels are coded D/I with sequences in rs_number (D = shorter allele, checked: 105/105 Chen neutrophil indels match 1000 Genomes EUR frequencies)"
2020_Chen_Cell_NeutrophilCount_SAS_GCST90002354,https://ftp.ebi.ac.uk/pub/databases/gwas/summary_statistics/GCST90002001-GCST90003000/GCST90002354/GCST90002354_buildGRCh37.tsv.gz,,https://ftp.ebi.ac.uk/pub/databases/gwas/summary_statistics/GCST90002001-GCST90003000/GCST90002354/md5sum.txt,GRCh37,catalog-metadata,catalog_original,Chen MH,2020,Cell,NeutrophilCount,Neutrophil count,SAS,GCST90002354,8165,549000000,.tsv.gz,,
2020_Chen_Cell_PlateletCount_AFR_GCST90002356,https://ftp.ebi.ac.uk/pub/databases/gwas/summary_statistics/GCST90002001-GCST90003000/GCST90002356/GCST90002356_buildGRCh37.tsv.gz,,https://ftp.ebi.ac.uk/pub/databases/gwas/summary_statistics/GCST90002001-GCST90003000/GCST90002356/md5sum.txt,GRCh37,catalog-metadata,catalog_original,Chen MH,2020,Cell,PlateletCount,Platelet count,AFR,GCST90002356,15171,656000000,.tsv.gz,,
2020_Chen_Cell_PlateletCount_AMR_GCST90002359,https://ftp.ebi.ac.uk/pub/databases/gwas/summary_statistics/GCST90002001-GCST90003000/GCST90002359/GCST90002359_buildGRCh37.tsv.gz,,https://ftp.ebi.ac.uk/pub/databases/gwas/summary_statistics/GCST90002001-GCST90003000/GCST90002359/md5sum.txt,GRCh37,catalog-metadata,catalog_original,Chen MH,2020,Cell,PlateletCount,Platelet count,AMR,GCST90002359,9367,465000000,.tsv.gz,,
2020_Chen_Cell_PlateletCount_EAS_GCST90002358,https://ftp.ebi.ac.uk/pub/databases/gwas/summary_statistics/GCST90002001-GCST90003000/GCST90002358/GCST90002358_buildGRCh37.tsv.gz,,https://ftp.ebi.ac.uk/pub/databases/gwas/summary_statistics/GCST90002001-GCST90003000/GCST90002358/md5sum.txt,GRCh37,catalog-metadata,catalog_original,Chen MH,2020,Cell,PlateletCount,Platelet count,EAS,GCST90002358,145648,286000000,.tsv.gz,,
2020_Chen_Cell_PlateletCount_EUR_GCST90002357,https://ftp.ebi.ac.uk/pub/databases/gwas/summary_statistics/GCST90002001-GCST90003000/GCST90002357/GCST90002357_buildGRCh37.tsv.gz,,https://ftp.ebi.ac.uk/pub/databases/gwas/summary_statistics/GCST90002001-GCST90003000/GCST90002357/md5sum.txt,GRCh37,catalog-metadata,catalog_original,Chen MH,2020,Cell,PlateletCount,Platelet count,EUR,GCST90002357,542827,867000000,.tsv.gz,,
2020_Chen_Cell_PlateletCount_MULTI_mhiGWAMA,https://www.mhi-humangenetics.org/dataset/BCX2_PLT_Trans_GWAMA.out.gz,,,GRCh37,author readme (MR-MEGA files of the same analysis are build 37),external,Chen MH,2020,Cell,PlateletCount,Platelet count,MULTI,,721201,3547341417,.txt.gz,effect_allele=reference_allele;n=n_samples;marker=rs_number;indels_from=rs_number,"authors' trans-ethnic inverse-variance GWAMA meta-analysis (beta, SE); GWAS Catalog GCST90002361 holds only the MR-MEGA trans-ethnic results (P value, no beta). Author readme: reference_allele is the effect allele; rs_number is chr:pos_a1_a2; indels are coded D/I with sequences in rs_number (D = shorter allele, checked: 105/105 Chen neutrophil indels match 1000 Genomes EUR frequencies)"
2020_Chen_Cell_PlateletCount_SAS_GCST90002360,https://ftp.ebi.ac.uk/pub/databases/gwas/summary_statistics/GCST90002001-GCST90003000/GCST90002360/GCST90002360_buildGRCh37.tsv.gz,,https://ftp.ebi.ac.uk/pub/databases/gwas/summary_statistics/GCST90002001-GCST90003000/GCST90002360/md5sum.txt,GRCh37,catalog-metadata,catalog_original,Chen MH,2020,Cell,PlateletCount,Platelet count,SAS,GCST90002360,8188,549000000,.tsv.gz,,
2020_Chen_Cell_RedBloodCellCount_AFR_GCST90002362,https://ftp.ebi.ac.uk/pub/databases/gwas/summary_statistics/GCST90002001-GCST90003000/GCST90002362/GCST90002362_buildGRCh37.tsv.gz,,https://ftp.ebi.ac.uk/pub/databases/gwas/summary_statistics/GCST90002001-GCST90003000/GCST90002362/md5sum.txt,GRCh37,catalog-metadata,catalog_original,Chen MH,2020,Cell,RedBloodCellCount,Red blood cell count,AFR,GCST90002362,14222,652000000,.tsv.gz,,
2020_Chen_Cell_RedBloodCellCount_AMR_GCST90002365,https://ftp.ebi.ac.uk/pub/databases/gwas/summary_statistics/GCST90002001-GCST90003000/GCST90002365/GCST90002365_buildGRCh37.tsv.gz,,https://ftp.ebi.ac.uk/pub/databases/gwas/summary_statistics/GCST90002001-GCST90003000/GCST90002365/md5sum.txt,GRCh37,catalog-metadata,catalog_original,Chen MH,2020,Cell,RedBloodCellCount,Red blood cell count,AMR,GCST90002365,9302,464000000,.tsv.gz,,
2020_Chen_Cell_RedBloodCellCount_EAS_GCST90002364,https://ftp.ebi.ac.uk/pub/databases/gwas/summary_statistics/GCST90002001-GCST90003000/GCST90002364/GCST90002364_buildGRCh37.tsv.gz,,https://ftp.ebi.ac.uk/pub/databases/gwas/summary_statistics/GCST90002001-GCST90003000/GCST90002364/md5sum.txt,GRCh37,catalog-metadata,catalog_original,Chen MH,2020,Cell,RedBloodCellCount,Red blood cell count,EAS,GCST90002364,150708,286000000,.tsv.gz,,
2020_Chen_Cell_RedBloodCellCount_EUR_GCST90002363,https://ftp.ebi.ac.uk/pub/databases/gwas/summary_statistics/GCST90002001-GCST90003000/GCST90002363/GCST90002363_buildGRCh37.tsv.gz,,https://ftp.ebi.ac.uk/pub/databases/gwas/summary_statistics/GCST90002001-GCST90003000/GCST90002363/md5sum.txt,GRCh37,catalog-metadata,catalog_original,Chen MH,2020,Cell,RedBloodCellCount,Red blood cell count,EUR,GCST90002363,545203,872000000,.tsv.gz,,
2020_Chen_Cell_RedBloodCellCount_MULTI_mhiGWAMA,https://www.mhi-humangenetics.org/dataset/BCX2_RBC_Trans_GWAMA.out.gz,,,GRCh37,author readme (MR-MEGA files of the same analysis are build 37),external,Chen MH,2020,Cell,RedBloodCellCount,Red blood cell count,MULTI,,727624,3531110989,.txt.gz,effect_allele=reference_allele;n=n_samples;marker=rs_number;indels_from=rs_number,"authors' trans-ethnic inverse-variance GWAMA meta-analysis (beta, SE); GWAS Catalog GCST90002367 holds only the MR-MEGA trans-ethnic results (P value, no beta). Author readme: reference_allele is the effect allele; rs_number is chr:pos_a1_a2; indels are coded D/I with sequences in rs_number (D = shorter allele, checked: 105/105 Chen neutrophil indels match 1000 Genomes EUR frequencies)"
2020_Chen_Cell_RedBloodCellCount_SAS_GCST90002366,https://ftp.ebi.ac.uk/pub/databases/gwas/summary_statistics/GCST90002001-GCST90003000/GCST90002366/GCST90002366_buildGRCh37.tsv.gz,,https://ftp.ebi.ac.uk/pub/databases/gwas/summary_statistics/GCST90002001-GCST90003000/GCST90002366/md5sum.txt,GRCh37,catalog-metadata,catalog_original,Chen MH,2020,Cell,RedBloodCellCount,Red blood cell count,SAS,GCST90002366,8189,549000000,.tsv.gz,,
2020_Chen_Cell_RedCellDistributionWidth_AFR_GCST90002368,https://ftp.ebi.ac.uk/pub/databases/gwas/summary_statistics/GCST90002001-GCST90003000/GCST90002368/GCST90002368_buildGRCh37.tsv.gz,,https://ftp.ebi.ac.uk/pub/databases/gwas/summary_statistics/GCST90002001-GCST90003000/GCST90002368/md5sum.txt,GRCh37,catalog-metadata,catalog_original,Chen MH,2020,Cell,RedCellDistributionWidth,Red cell distribution width,AFR,GCST90002368,13519,652000000,.tsv.gz,,
2020_Chen_Cell_RedCellDistributionWidth_AMR_GCST90002370,https://ftp.ebi.ac.uk/pub/databases/gwas/summary_statistics/GCST90002001-GCST90003000/GCST90002370/GCST90002370_buildGRCh37.tsv.gz,,https://ftp.ebi.ac.uk/pub/databases/gwas/summary_statistics/GCST90002001-GCST90003000/GCST90002370/md5sum.txt,GRCh37,catalog-metadata,catalog_original,Chen MH,2020,Cell,RedCellDistributionWidth,Red cell distribution width,AMR,GCST90002370,8526,463000000,.tsv.gz,,
2020_Chen_Cell_RedCellDistributionWidth_EUR_GCST90002369,https://ftp.ebi.ac.uk/pub/databases/gwas/summary_statistics/GCST90002001-GCST90003000/GCST90002369/GCST90002369_buildGRCh37.tsv.gz,,https://ftp.ebi.ac.uk/pub/databases/gwas/summary_statistics/GCST90002001-GCST90003000/GCST90002369/md5sum.txt,GRCh37,catalog-metadata,catalog_original,Chen MH,2020,Cell,RedCellDistributionWidth,Red cell distribution width,EUR,GCST90002369,531774,861000000,.tsv.gz,,
2020_Chen_Cell_RedCellDistributionWidth_MULTI_mhiGWAMA,https://www.mhi-humangenetics.org/dataset/BCX2_RDW_Trans_GWAMA.out.gz,,,GRCh37,author readme (MR-MEGA files of the same analysis are build 37),external,Chen MH,2020,Cell,RedCellDistributionWidth,Red cell distribution width,MULTI,,563352,3340566381,.txt.gz,effect_allele=reference_allele;n=n_samples;marker=rs_number;indels_from=rs_number,"authors' trans-ethnic inverse-variance GWAMA meta-analysis (beta, SE); GWAS Catalog GCST90002372 holds only the MR-MEGA trans-ethnic results (P value, no beta). Author readme: reference_allele is the effect allele; rs_number is chr:pos_a1_a2; indels are coded D/I with sequences in rs_number (D = shorter allele, checked: 105/105 Chen neutrophil indels match 1000 Genomes EUR frequencies)"
2020_Chen_Cell_RedCellDistributionWidth_SAS_GCST90002371,https://ftp.ebi.ac.uk/pub/databases/gwas/summary_statistics/GCST90002001-GCST90003000/GCST90002371/GCST90002371_buildGRCh37.tsv.gz,,https://ftp.ebi.ac.uk/pub/databases/gwas/summary_statistics/GCST90002001-GCST90003000/GCST90002371/md5sum.txt,GRCh37,catalog-metadata,catalog_original,Chen MH,2020,Cell,RedCellDistributionWidth,Red cell distribution width,SAS,GCST90002371,8166,549000000,.tsv.gz,,
2020_Chen_Cell_WhiteBloodCellCount_AFR_GCST90002373,https://ftp.ebi.ac.uk/pub/databases/gwas/summary_statistics/GCST90002001-GCST90003000/GCST90002373/GCST90002373_buildGRCh37.tsv.gz,,https://ftp.ebi.ac.uk/pub/databases/gwas/summary_statistics/GCST90002001-GCST90003000/GCST90002373/md5sum.txt,GRCh37,catalog-metadata,catalog_original,Chen MH,2020,Cell,WhiteBloodCellCount,White blood cell count,AFR,GCST90002373,15061,655000000,.tsv.gz,,
2020_Chen_Cell_WhiteBloodCellCount_AMR_GCST90002376,https://ftp.ebi.ac.uk/pub/databases/gwas/summary_statistics/GCST90002001-GCST90003000/GCST90002376/GCST90002376_buildGRCh37.tsv.gz,,https://ftp.ebi.ac.uk/pub/databases/gwas/summary_statistics/GCST90002001-GCST90003000/GCST90002376/md5sum.txt,GRCh37,catalog-metadata,catalog_original,Chen MH,2020,Cell,WhiteBloodCellCount,White blood cell count,AMR,GCST90002376,9368,465000000,.tsv.gz,,
2020_Chen_Cell_WhiteBloodCellCount_EAS_GCST90002375,https://ftp.ebi.ac.uk/pub/databases/gwas/summary_statistics/GCST90002001-GCST90003000/GCST90002375/GCST90002375_buildGRCh37.tsv.gz,,https://ftp.ebi.ac.uk/pub/databases/gwas/summary_statistics/GCST90002001-GCST90003000/GCST90002375/md5sum.txt,GRCh37,catalog-metadata,catalog_original,Chen MH,2020,Cell,WhiteBloodCellCount,White blood cell count,EAS,GCST90002375,151807,286000000,.tsv.gz,,
2020_Chen_Cell_WhiteBloodCellCount_EUR_GCST90002374,https://ftp.ebi.ac.uk/pub/databases/gwas/summary_statistics/GCST90002001-GCST90003000/GCST90002374/GCST90002374_buildGRCh37.tsv.gz,,https://ftp.ebi.ac.uk/pub/databases/gwas/summary_statistics/GCST90002001-GCST90003000/GCST90002374/md5sum.txt,GRCh37,catalog-metadata,catalog_original,Chen MH,2020,Cell,WhiteBloodCellCount,White blood cell count,EUR,GCST90002374,562243,873000000,.tsv.gz,,
2020_Chen_Cell_WhiteBloodCellCount_MULTI_mhiGWAMA,https://www.mhi-humangenetics.org/dataset/BCX2_WBC_Trans_GWAMA.out.gz,,,GRCh37,author readme (MR-MEGA files of the same analysis are build 37),external,Chen MH,2020,Cell,WhiteBloodCellCount,White blood cell count,MULTI,,746667,3555826328,.txt.gz,effect_allele=reference_allele;n=n_samples;marker=rs_number;indels_from=rs_number,"authors' trans-ethnic inverse-variance GWAMA meta-analysis (beta, SE); GWAS Catalog GCST90002378 holds only the MR-MEGA trans-ethnic results (P value, no beta). Author readme: reference_allele is the effect allele; rs_number is chr:pos_a1_a2; indels are coded D/I with sequences in rs_number (D = shorter allele, checked: 105/105 Chen neutrophil indels match 1000 Genomes EUR frequencies)"
2020_Chen_Cell_WhiteBloodCellCount_SAS_GCST90002377,https://ftp.ebi.ac.uk/pub/databases/gwas/summary_statistics/GCST90002001-GCST90003000/GCST90002377/GCST90002377_buildGRCh37.tsv.gz,,https://ftp.ebi.ac.uk/pub/databases/gwas/summary_statistics/GCST90002001-GCST90003000/GCST90002377/md5sum.txt,GRCh37,catalog-metadata,catalog_original,Chen MH,2020,Cell,WhiteBloodCellCount,White blood cell count,SAS,GCST90002377,8188,549000000,.tsv.gz,,
2020_Manousaki_AJHG_25OHD_EUR_GCST010144,https://ftp.ebi.ac.uk/pub/databases/gwas/summary_statistics/GCST010001-GCST011000/GCST010144/GCST010144_buildGRCh37.tsv.gz,,https://ftp.ebi.ac.uk/pub/databases/gwas/summary_statistics/GCST010001-GCST011000/GCST010144/md5sum.txt,GRCh37,catalog-metadata,catalog_original,Manousaki D,2020,American Journal of Human Genetics,25OHD,Serum 25-Hydroxyvitamin D levels,EUR,GCST010144,443734,319000000,.tsv.gz,,
2020_Ruth_NatMed_BioavailableTestosterone_EUR-F_GCST90012102,https://ftp.ebi.ac.uk/pub/databases/gwas/summary_statistics/GCST90012001-GCST90013000/GCST90012102/GCST90012102_buildGRCh37.tsv.gz,,https://ftp.ebi.ac.uk/pub/databases/gwas/summary_statistics/GCST90012001-GCST90013000/GCST90012102/md5sum.txt,GRCh37,catalog-metadata,catalog_original,Ruth KS,2020,Nature Medicine,BioavailableTestosterone,Bioavailable testosterone levels,EUR-F,GCST90012102,188507,419000000,.tsv.gz,,
2020_Ruth_NatMed_BioavailableTestosterone_EUR-M_GCST90012103,https://ftp.ebi.ac.uk/pub/databases/gwas/summary_statistics/GCST90012001-GCST90013000/GCST90012103/GCST90012103_buildGRCh37.tsv.gz,,https://ftp.ebi.ac.uk/pub/databases/gwas/summary_statistics/GCST90012001-GCST90013000/GCST90012103/md5sum.txt,GRCh37,catalog-metadata,catalog_original,Ruth KS,2020,Nature Medicine,BioavailableTestosterone,Bioavailable testosterone levels,EUR-M,GCST90012103,178782,419000000,.tsv.gz,,
2020_Ruth_NatMed_BioavailableTestosterone_EUR_GCST90012104,https://ftp.ebi.ac.uk/pub/databases/gwas/summary_statistics/GCST90012001-GCST90013000/GCST90012104/GCST90012104_buildGRCh37.tsv.gz,,https://ftp.ebi.ac.uk/pub/databases/gwas/summary_statistics/GCST90012001-GCST90013000/GCST90012104/md5sum.txt,GRCh37,catalog-metadata,catalog_original,Ruth KS,2020,Nature Medicine,BioavailableTestosterone,Bioavailable testosterone levels,EUR,GCST90012104,382988,418000000,.tsv.gz,,
2020_Ruth_NatMed_Oestradiol_EUR-M_GCST90012105,https://ftp.ebi.ac.uk/pub/databases/gwas/summary_statistics/GCST90012001-GCST90013000/GCST90012105/GCST90012105_buildGRCh37.tsv.gz,,https://ftp.ebi.ac.uk/pub/databases/gwas/summary_statistics/GCST90012001-GCST90013000/GCST90012105/md5sum.txt,GRCh37,catalog-metadata,catalog_original,Ruth KS,2020,Nature Medicine,Oestradiol,Estradiol levels,EUR-M,GCST90012105,206927,419000000,.tsv.gz,,
2020_Ruth_NatMed_SHBG_EUR-F_GCST90012107,https://ftp.ebi.ac.uk/pub/databases/gwas/summary_statistics/GCST90012001-GCST90013000/GCST90012107/GCST90012107_buildGRCh37.tsv.gz,,https://ftp.ebi.ac.uk/pub/databases/gwas/summary_statistics/GCST90012001-GCST90013000/GCST90012107/md5sum.txt,GRCh37,catalog-metadata,catalog_original,Ruth KS,2020,Nature Medicine,SHBG,Sex hormone-binding globulin levels,EUR-F,GCST90012107,189473,418000000,.tsv.gz,,
2020_Ruth_NatMed_SHBG_EUR-M_GCST90012109,https://ftp.ebi.ac.uk/pub/databases/gwas/summary_statistics/GCST90012001-GCST90013000/GCST90012109/GCST90012109_buildGRCh37.tsv.gz,,https://ftp.ebi.ac.uk/pub/databases/gwas/summary_statistics/GCST90012001-GCST90013000/GCST90012109/md5sum.txt,GRCh37,catalog-metadata,catalog_original,Ruth KS,2020,Nature Medicine,SHBG,Sex hormone-binding globulin levels,EUR-M,GCST90012109,180726,418000000,.tsv.gz,,
2020_Ruth_NatMed_SHBG_EUR_GCST90012111,https://ftp.ebi.ac.uk/pub/databases/gwas/summary_statistics/GCST90012001-GCST90013000/GCST90012111/GCST90012111_buildGRCh37.tsv.gz,,https://ftp.ebi.ac.uk/pub/databases/gwas/summary_statistics/GCST90012001-GCST90013000/GCST90012111/md5sum.txt,GRCh37,catalog-metadata,catalog_original,Ruth KS,2020,Nature Medicine,SHBG,Sex hormone-binding globulin levels,EUR,GCST90012111,370125,419000000,.tsv.gz,,
2020_Ruth_NatMed_SHBGadjBMI_EUR-F_GCST90012106,https://ftp.ebi.ac.uk/pub/databases/gwas/summary_statistics/GCST90012001-GCST90013000/GCST90012106/GCST90012106_buildGRCh37.tsv.gz,,https://ftp.ebi.ac.uk/pub/databases/gwas/summary_statistics/GCST90012001-GCST90013000/GCST90012106/md5sum.txt,GRCh37,catalog-metadata,catalog_original,Ruth KS,2020,Nature Medicine,SHBGadjBMI,Sex hormone-binding globulin levels adjusted for BMI,EUR-F,GCST90012106,188908,418000000,.tsv.gz,,
2020_Ruth_NatMed_SHBGadjBMI_EUR-M_GCST90012108,https://ftp.ebi.ac.uk/pub/databases/gwas/summary_statistics/GCST90012001-GCST90013000/GCST90012108/GCST90012108_buildGRCh37.tsv.gz,,https://ftp.ebi.ac.uk/pub/databases/gwas/summary_statistics/GCST90012001-GCST90013000/GCST90012108/md5sum.txt,GRCh37,catalog-metadata,catalog_original,Ruth KS,2020,Nature Medicine,SHBGadjBMI,Sex hormone-binding globulin levels adjusted for BMI,EUR-M,GCST90012108,180094,418000000,.tsv.gz,,
2020_Ruth_NatMed_SHBGadjBMI_EUR_GCST90012110,https://ftp.ebi.ac.uk/pub/databases/gwas/summary_statistics/GCST90012001-GCST90013000/GCST90012110/GCST90012110_buildGRCh37.tsv.gz,,https://ftp.ebi.ac.uk/pub/databases/gwas/summary_statistics/GCST90012001-GCST90013000/GCST90012110/md5sum.txt,GRCh37,catalog-metadata,catalog_original,Ruth KS,2020,Nature Medicine,SHBGadjBMI,Sex hormone-binding globulin levels adjusted for BMI,EUR,GCST90012110,368929,420000000,.tsv.gz,,
2020_Ruth_NatMed_TotalTestosterone_EUR-F_GCST90012112,https://ftp.ebi.ac.uk/pub/databases/gwas/summary_statistics/GCST90012001-GCST90013000/GCST90012112/GCST90012112_buildGRCh37.tsv.gz,,https://ftp.ebi.ac.uk/pub/databases/gwas/summary_statistics/GCST90012001-GCST90013000/GCST90012112/md5sum.txt,GRCh37,catalog-metadata,catalog_original,Ruth KS,2020,Nature Medicine,TotalTestosterone,Total testosterone levels,EUR-F,GCST90012112,230454,419000000,.tsv.gz,,
2020_Ruth_NatMed_TotalTestosterone_EUR-M_GCST90012113,https://ftp.ebi.ac.uk/pub/databases/gwas/summary_statistics/GCST90012001-GCST90013000/GCST90012113/GCST90012113_buildGRCh37.tsv.gz,,https://ftp.ebi.ac.uk/pub/databases/gwas/summary_statistics/GCST90012001-GCST90013000/GCST90012113/md5sum.txt,GRCh37,catalog-metadata,catalog_original,Ruth KS,2020,Nature Medicine,TotalTestosterone,Total testosterone levels,EUR-M,GCST90012113,194453,419000000,.tsv.gz,,
2020_Ruth_NatMed_TotalTestosterone_EUR_GCST90012114,https://ftp.ebi.ac.uk/pub/databases/gwas/summary_statistics/GCST90012001-GCST90013000/GCST90012114/GCST90012114_buildGRCh37.tsv.gz,,https://ftp.ebi.ac.uk/pub/databases/gwas/summary_statistics/GCST90012001-GCST90013000/GCST90012114/md5sum.txt,GRCh37,catalog-metadata,catalog_original,Ruth KS,2020,Nature Medicine,TotalTestosterone,Total testosterone levels,EUR,GCST90012114,425097,418000000,.tsv.gz,,
2020_Vuckovic_Cell_BasophilPercentageOfWhiteCells_EUR_GCST90002380,https://ftp.ebi.ac.uk/pub/databases/gwas/summary_statistics/GCST90002001-GCST90003000/GCST90002380/GCST90002380_buildGRCh37.tsv,,https://ftp.ebi.ac.uk/pub/databases/gwas/summary_statistics/GCST90002001-GCST90003000/GCST90002380/md5sum.txt,GRCh37,catalog-metadata,catalog_original,Vuckovic D,2020,Cell,BasophilPercentageOfWhiteCells,Basophil percentage of white cells,EUR,GCST90002380,408112,6600000000,.tsv,,
2020_Vuckovic_Cell_EosinophilPercentageOfWhiteCells_EUR_GCST90002382,https://ftp.ebi.ac.uk/pub/databases/gwas/summary_statistics/GCST90002001-GCST90003000/GCST90002382/GCST90002382_buildGRCh37.tsv,,https://ftp.ebi.ac.uk/pub/databases/gwas/summary_statistics/GCST90002001-GCST90003000/GCST90002382/md5sum.txt,GRCh37,catalog-metadata,catalog_original,Vuckovic D,2020,Cell,EosinophilPercentageOfWhiteCells,Eosinophil percentage of white cells,EUR,GCST90002382,408112,6800000000,.tsv,,
2020_Vuckovic_Cell_HighLightScatterReticulocyteCount_EUR_GCST90002385,https://ftp.ebi.ac.uk/pub/databases/gwas/summary_statistics/GCST90002001-GCST90003000/GCST90002385/GCST90002385_buildGRCh37.tsv,,https://ftp.ebi.ac.uk/pub/databases/gwas/summary_statistics/GCST90002001-GCST90003000/GCST90002385/md5sum.txt,GRCh37,catalog-metadata,catalog_original,Vuckovic D,2020,Cell,HighLightScatterReticulocyteCount,High light scatter reticulocyte count,EUR,GCST90002385,408112,6800000000,.tsv,,
2020_Vuckovic_Cell_HighLightScatterReticulocytePercentageOfRedCells_EUR_GCST90002386,https://ftp.ebi.ac.uk/pub/databases/gwas/summary_statistics/GCST90002001-GCST90003000/GCST90002386/GCST90002386_buildGRCh37.tsv,,https://ftp.ebi.ac.uk/pub/databases/gwas/summary_statistics/GCST90002001-GCST90003000/GCST90002386/md5sum.txt,GRCh37,catalog-metadata,catalog_original,Vuckovic D,2020,Cell,HighLightScatterReticulocytePercentageOfRedCells,High light scatter reticulocyte percentage of red cells,EUR,GCST90002386,408112,6800000000,.tsv,,
2020_Vuckovic_Cell_ImmatureFractionOfReticulocytes_EUR_GCST90002387,https://ftp.ebi.ac.uk/pub/databases/gwas/summary_statistics/GCST90002001-GCST90003000/GCST90002387/GCST90002387_buildGRCh37.tsv,,https://ftp.ebi.ac.uk/pub/databases/gwas/summary_statistics/GCST90002001-GCST90003000/GCST90002387/md5sum.txt,GRCh37,catalog-metadata,catalog_original,Vuckovic D,2020,Cell,ImmatureFractionOfReticulocytes,Immature fraction of reticulocytes,EUR,GCST90002387,408112,6800000000,.tsv,,
2020_Vuckovic_Cell_LymphocytePercentageOfWhiteCells_EUR_GCST90002389,https://ftp.ebi.ac.uk/pub/databases/gwas/summary_statistics/GCST90002001-GCST90003000/GCST90002389/GCST90002389_buildGRCh37.tsv,,https://ftp.ebi.ac.uk/pub/databases/gwas/summary_statistics/GCST90002001-GCST90003000/GCST90002389/md5sum.txt,GRCh37,catalog-metadata,catalog_original,Vuckovic D,2020,Cell,LymphocytePercentageOfWhiteCells,Lymphocyte percentage of white cells,EUR,GCST90002389,408112,6600000000,.tsv,,
2020_Vuckovic_Cell_MeanReticulocyteVolume_EUR_GCST90002396,https://ftp.ebi.ac.uk/pub/databases/gwas/summary_statistics/GCST90002001-GCST90003000/GCST90002396/GCST90002396_buildGRCh37.tsv,,https://ftp.ebi.ac.uk/pub/databases/gwas/summary_statistics/GCST90002001-GCST90003000/GCST90002396/md5sum.txt,GRCh37,catalog-metadata,catalog_original,Vuckovic D,2020,Cell,MeanReticulocyteVolume,Mean reticulocyte volume,EUR,GCST90002396,408112,6800000000,.tsv,,
2020_Vuckovic_Cell_MeanSphericCorpuscularVolume_EUR_GCST90002397,https://ftp.ebi.ac.uk/pub/databases/gwas/summary_statistics/GCST90002001-GCST90003000/GCST90002397/GCST90002397_buildGRCh37.tsv,,https://ftp.ebi.ac.uk/pub/databases/gwas/summary_statistics/GCST90002001-GCST90003000/GCST90002397/md5sum.txt,GRCh37,catalog-metadata,catalog_original,Vuckovic D,2020,Cell,MeanSphericCorpuscularVolume,Mean spheric corpuscular volume,EUR,GCST90002397,408112,6800000000,.tsv,,
2020_Vuckovic_Cell_MonocytePercentageOfWhiteCells_EUR_GCST90002394,https://ftp.ebi.ac.uk/pub/databases/gwas/summary_statistics/GCST90002001-GCST90003000/GCST90002394/GCST90002394_buildGRCh37.tsv,,https://ftp.ebi.ac.uk/pub/databases/gwas/summary_statistics/GCST90002001-GCST90003000/GCST90002394/md5sum.txt,GRCh37,catalog-metadata,catalog_original,Vuckovic D,2020,Cell,MonocytePercentageOfWhiteCells,Monocyte percentage of white cells,EUR,GCST90002394,408112,6900000000,.tsv,,
2020_Vuckovic_Cell_NeutrophilPercentageOfWhiteCells_EUR_GCST90002399,https://ftp.ebi.ac.uk/pub/databases/gwas/summary_statistics/GCST90002001-GCST90003000/GCST90002399/GCST90002399_buildGRCh37.tsv,,https://ftp.ebi.ac.uk/pub/databases/gwas/summary_statistics/GCST90002001-GCST90003000/GCST90002399/md5sum.txt,GRCh37,catalog-metadata,catalog_original,Vuckovic D,2020,Cell,NeutrophilPercentageOfWhiteCells,Neutrophil percentage of white cells,EUR,GCST90002399,408112,6800000000,.tsv,,
2020_Vuckovic_Cell_PlateletDistributionWidth_EUR_GCST90002401,https://ftp.ebi.ac.uk/pub/databases/gwas/summary_statistics/GCST90002001-GCST90003000/GCST90002401/GCST90002401_buildGRCh37.tsv,,https://ftp.ebi.ac.uk/pub/databases/gwas/summary_statistics/GCST90002001-GCST90003000/GCST90002401/md5sum.txt,GRCh37,catalog-metadata,catalog_original,Vuckovic D,2020,Cell,PlateletDistributionWidth,Platelet distribution width,EUR,GCST90002401,408112,6800000000,.tsv,,
2020_Vuckovic_Cell_Plateletcrit_EUR_GCST90002400,https://ftp.ebi.ac.uk/pub/databases/gwas/summary_statistics/GCST90002001-GCST90003000/GCST90002400/GCST90002400_buildGRCh37.tsv,,https://ftp.ebi.ac.uk/pub/databases/gwas/summary_statistics/GCST90002001-GCST90003000/GCST90002400/md5sum.txt,GRCh37,catalog-metadata,catalog_original,Vuckovic D,2020,Cell,Plateletcrit,Plateletcrit,EUR,GCST90002400,408112,6800000000,.tsv,,
2020_Vuckovic_Cell_RedCellDistributionWidth_EUR_GCST90002404,https://ftp.ebi.ac.uk/pub/databases/gwas/summary_statistics/GCST90002001-GCST90003000/GCST90002404/GCST90002404_buildGRCh37.tsv,,https://ftp.ebi.ac.uk/pub/databases/gwas/summary_statistics/GCST90002001-GCST90003000/GCST90002404/md5sum.txt,GRCh37,catalog-metadata,catalog_original,Vuckovic D,2020,Cell,RedCellDistributionWidth,Red cell distribution width,EUR,GCST90002404,408112,6800000000,.tsv,,
2020_Vuckovic_Cell_ReticulocyteCount_EUR_GCST90002405,https://ftp.ebi.ac.uk/pub/databases/gwas/summary_statistics/GCST90002001-GCST90003000/GCST90002405/GCST90002405_buildGRCh37.tsv,,https://ftp.ebi.ac.uk/pub/databases/gwas/summary_statistics/GCST90002001-GCST90003000/GCST90002405/md5sum.txt,GRCh37,catalog-metadata,catalog_original,Vuckovic D,2020,Cell,ReticulocyteCount,Reticulocyte count,EUR,GCST90002405,408112,6800000000,.tsv,,
2020_Vuckovic_Cell_ReticulocyteFractionOfRedCells_EUR_GCST90002406,https://ftp.ebi.ac.uk/pub/databases/gwas/summary_statistics/GCST90002001-GCST90003000/GCST90002406/GCST90002406_buildGRCh37.tsv,,https://ftp.ebi.ac.uk/pub/databases/gwas/summary_statistics/GCST90002001-GCST90003000/GCST90002406/md5sum.txt,GRCh37,catalog-metadata,catalog_original,Vuckovic D,2020,Cell,ReticulocyteFractionOfRedCells,Reticulocyte fraction of red cells,EUR,GCST90002406,408112,6800000000,.tsv,,
2021_Chen_NatGenet_2hGlucose_AFR_GCST90002225,https://ftp.ebi.ac.uk/pub/databases/gwas/summary_statistics/GCST90002001-GCST90003000/GCST90002225/GCST90002225_buildGRCh37.tsv.gz,,https://ftp.ebi.ac.uk/pub/databases/gwas/summary_statistics/GCST90002001-GCST90003000/GCST90002225/md5sum.txt,GRCh37,catalog-metadata,catalog_original,Chen J,2021,Nature Genetics,2hGlucose,Two-hour glucose,AFR,GCST90002225,1431,312000000,.tsv.gz,,
2021_Chen_NatGenet_2hGlucose_AMR_GCST90002228,https://ftp.ebi.ac.uk/pub/databases/gwas/summary_statistics/GCST90002001-GCST90003000/GCST90002228/GCST90002228_buildGRCh37.tsv.gz,,https://ftp.ebi.ac.uk/pub/databases/gwas/summary_statistics/GCST90002001-GCST90003000/GCST90002228/md5sum.txt,GRCh37,catalog-metadata,catalog_original,Chen J,2021,Nature Genetics,2hGlucose,Two-hour glucose,AMR,GCST90002228,12578,307000000,.tsv.gz,,
2021_Chen_NatGenet_2hGlucose_EAS_GCST90002226,https://ftp.ebi.ac.uk/pub/databases/gwas/summary_statistics/GCST90002001-GCST90003000/GCST90002226/GCST90002226_buildGRCh37.tsv.gz,,https://ftp.ebi.ac.uk/pub/databases/gwas/summary_statistics/GCST90002001-GCST90003000/GCST90002226/md5sum.txt,GRCh37,catalog-metadata,catalog_original,Chen J,2021,Nature Genetics,2hGlucose,Two-hour glucose,EAS,GCST90002226,8509,115000000,.tsv.gz,,
2021_Chen_NatGenet_2hGlucose_EUR_GCST90002227,https://ftp.ebi.ac.uk/pub/databases/gwas/summary_statistics/GCST90002001-GCST90003000/GCST90002227/GCST90002227_buildGRCh37.tsv.gz,,https://ftp.ebi.ac.uk/pub/databases/gwas/summary_statistics/GCST90002001-GCST90003000/GCST90002227/md5sum.txt,GRCh37,catalog-metadata,catalog_original,Chen J,2021,Nature Genetics,2hGlucose,Two-hour glucose,EUR,GCST90002227,63396,425000000,.tsv.gz,,
2021_Chen_NatGenet_FastingGlucose_AFR_GCST90002230,https://ftp.ebi.ac.uk/pub/databases/gwas/summary_statistics/GCST90002001-GCST90003000/GCST90002230/GCST90002230_buildGRCh37.tsv.gz,,https://ftp.ebi.ac.uk/pub/databases/gwas/summary_statistics/GCST90002001-GCST90003000/GCST90002230/md5sum.txt,GRCh37,catalog-metadata,catalog_original,Chen J,2021,Nature Genetics,FastingGlucose,Fasting glucose,AFR,GCST90002230,16579,379000000,.tsv.gz,,
2021_Chen_NatGenet_FastingGlucose_AMR_GCST90002233,https://ftp.ebi.ac.uk/pub/databases/gwas/summary_statistics/GCST90002001-GCST90003000/GCST90002233/GCST90002233_buildGRCh37.tsv.gz,,https://ftp.ebi.ac.uk/pub/databases/gwas/summary_statistics/GCST90002001-GCST90003000/GCST90002233/md5sum.txt,GRCh37,catalog-metadata,catalog_original,Chen J,2021,Nature Genetics,FastingGlucose,Fasting glucose,AMR,GCST90002233,19247,359000000,.tsv.gz,,
2021_Chen_NatGenet_FastingGlucose_EAS_GCST90002231,https://ftp.ebi.ac.uk/pub/databases/gwas/summary_statistics/GCST90002001-GCST90003000/GCST90002231/GCST90002231_buildGRCh37.tsv.gz,,https://ftp.ebi.ac.uk/pub/databases/gwas/summary_statistics/GCST90002001-GCST90003000/GCST90002231/md5sum.txt,GRCh37,catalog-metadata,catalog_original,Chen J,2021,Nature Genetics,FastingGlucose,Fasting glucose,EAS,GCST90002231,35619,208000000,.tsv.gz,,
2021_Chen_NatGenet_FastingGlucose_EUR_GCST90002232,https://ftp.ebi.ac.uk/pub/databases/gwas/summary_statistics/GCST90002001-GCST90003000/GCST90002232/GCST90002232_buildGRCh37.tsv.gz,,https://ftp.ebi.ac.uk/pub/databases/gwas/summary_statistics/GCST90002001-GCST90003000/GCST90002232/md5sum.txt,GRCh37,catalog-metadata,catalog_original,Chen J,2021,Nature Genetics,FastingGlucose,Fasting glucose,EUR,GCST90002232,200622,477000000,.tsv.gz,,
2021_Chen_NatGenet_FastingGlucose_SAS_GCST90002234,https://ftp.ebi.ac.uk/pub/databases/gwas/summary_statistics/GCST90002001-GCST90003000/GCST90002234/GCST90002234_buildGRCh37.tsv.gz,,https://ftp.ebi.ac.uk/pub/databases/gwas/summary_statistics/GCST90002001-GCST90003000/GCST90002234/md5sum.txt,GRCh37,catalog-metadata,catalog_original,Chen J,2021,Nature Genetics,FastingGlucose,Fasting glucose,SAS,GCST90002234,9343,270000000,.tsv.gz,,
2021_Chen_NatGenet_FastingInsulin_AFR_GCST90002236,https://ftp.ebi.ac.uk/pub/databases/gwas/summary_statistics/GCST90002001-GCST90003000/GCST90002236/GCST90002236_buildGRCh37.tsv.gz,,https://ftp.ebi.ac.uk/pub/databases/gwas/summary_statistics/GCST90002001-GCST90003000/GCST90002236/md5sum.txt,GRCh37,catalog-metadata,catalog_original,Chen J,2021,Nature Genetics,FastingInsulin,Fasting insulin,AFR,GCST90002236,8101,370000000,.tsv.gz,,
2021_Chen_NatGenet_FastingInsulin_AMR_GCST90002239,https://ftp.ebi.ac.uk/pub/databases/gwas/summary_statistics/GCST90002001-GCST90003000/GCST90002239/GCST90002239_buildGRCh37.tsv.gz,,https://ftp.ebi.ac.uk/pub/databases/gwas/summary_statistics/GCST90002001-GCST90003000/GCST90002239/md5sum.txt,GRCh37,catalog-metadata,catalog_original,Chen J,2021,Nature Genetics,FastingInsulin,Fasting insulin,AMR,GCST90002239,16386,330000000,.tsv.gz,,
2021_Chen_NatGenet_FastingInsulin_EAS_GCST90002237,https://ftp.ebi.ac.uk/pub/databases/gwas/summary_statistics/GCST90002001-GCST90003000/GCST90002237/GCST90002237_buildGRCh37.tsv.gz,,https://ftp.ebi.ac.uk/pub/databases/gwas/summary_statistics/GCST90002001-GCST90003000/GCST90002237/md5sum.txt,GRCh37,catalog-metadata,catalog_original,Chen J,2021,Nature Genetics,FastingInsulin,Fasting insulin,EAS,GCST90002237,29792,196000000,.tsv.gz,,
2021_Chen_NatGenet_FastingInsulin_EUR_GCST90002238,https://ftp.ebi.ac.uk/pub/databases/gwas/summary_statistics/GCST90002001-GCST90003000/GCST90002238/GCST90002238_buildGRCh37.tsv.gz,,https://ftp.ebi.ac.uk/pub/databases/gwas/summary_statistics/GCST90002001-GCST90003000/GCST90002238/md5sum.txt,GRCh37,catalog-metadata,catalog_original,Chen J,2021,Nature Genetics,FastingInsulin,Fasting insulin,EUR,GCST90002238,151013,457000000,.tsv.gz,,
2021_Chen_NatGenet_FastingInsulin_SAS_GCST90002240,https://ftp.ebi.ac.uk/pub/databases/gwas/summary_statistics/GCST90002001-GCST90003000/GCST90002240/GCST90002240_buildGRCh37.tsv.gz,,https://ftp.ebi.ac.uk/pub/databases/gwas/summary_statistics/GCST90002001-GCST90003000/GCST90002240/md5sum.txt,GRCh37,catalog-metadata,catalog_original,Chen J,2021,Nature Genetics,FastingInsulin,Fasting insulin,SAS,GCST90002240,8353,266000000,.tsv.gz,,
2021_Crawford_JHumGenet_MorningCortisol_EUR_DataShare3836,https://datashare.ed.ac.uk/server/api/core/bitstreams/2e37b2cb-9785-4c9f-91c2-48397cd9ba56/content,4151bb8cd4c03e9c65068c6de8ff99a1,,GRCh37,checked: A/T and C/G SNPs match GRCh37 after liftover (0% mismatch) and not GRCh38 (~49%); the authors do not state the build,external,Crawford AA,2021,Journal of Human Genetics,MorningCortisol,MorningCortisol,EUR,,25314,1021372733,.txt,effect_allele=Allele1;other_allele=Allele2;effect_allele_frequency=Freq1,Edinburgh DataShare depositor licence; file filtered to MAF>0.01 by the authors; METAL output (Effect/Freq1/Direction/HetISq columns): Allele1 is the effect allele and Freq1 its frequency
2021_Damotte_AlzDement_PlasmaAbeta_EUR_GCST011941,https://ftp.ebi.ac.uk/pub/databases/gwas/summary_statistics/GCST011001-GCST012000/GCST011941/GCST011941_buildGRCh37.tsv.gz,,https://ftp.ebi.ac.uk/pub/databases/gwas/summary_statistics/GCST011001-GCST012000/GCST011941/md5sum.txt,GRCh37,catalog-metadata,catalog_original,Damotte V,2021,Alzheimer's & Dementia,PlasmaAbeta,Plasma amyloid beta peptide concentrations (ABx-42),EUR,GCST011941,12369,200000000,.tsv.gz,,
2021_Damotte_AlzDement_PlasmaAbeta_EUR_GCST011942,https://ftp.ebi.ac.uk/pub/databases/gwas/summary_statistics/GCST011001-GCST012000/GCST011942/GCST011942_buildGRCh37.tsv.gz,,https://ftp.ebi.ac.uk/pub/databases/gwas/summary_statistics/GCST011001-GCST012000/GCST011942/md5sum.txt,GRCh37,catalog-metadata,catalog_original,Damotte V,2021,Alzheimer's & Dementia,PlasmaAbeta,Plasma amyloid beta peptide concentrations (ABx-40),EUR,GCST011942,12369,200000000,.tsv.gz,,
2021_Damotte_AlzDement_PlasmaAbeta_EUR_GCST011943,https://ftp.ebi.ac.uk/pub/databases/gwas/summary_statistics/GCST011001-GCST012000/GCST011943/GCST011943_buildGRCh37.tsv.gz,,https://ftp.ebi.ac.uk/pub/databases/gwas/summary_statistics/GCST011001-GCST012000/GCST011943/md5sum.txt,GRCh37,catalog-metadata,catalog_original,Damotte V,2021,Alzheimer's & Dementia,PlasmaAbeta,Plasma amyloid beta peptide concentration (ABx-40/ABx-42 ratio),EUR,GCST011943,12369,200000000,.tsv.gz,,
2021_Graham_Nature_HDLC_AFR_GCST90239650,https://ftp.ebi.ac.uk/pub/databases/gwas/summary_statistics/GCST90239001-GCST90240000/GCST90239650/GCST90239650.tsv.gz,,,GRCh37,catalog-metadata,catalog_original,Graham SE,2021,Nature,HDLC,High density lipoprotein cholesterol levels,AFR,GCST90239650,99432,1400000000,.tsv.gz,,"the GWAS Catalog publishes no md5sum.txt for this study (checked 2026-10-08), so only the download size is checked"
2021_Graham_Nature_HDLC_AMR_GCST90239653,https://ftp.ebi.ac.uk/pub/databases/gwas/summary_statistics/GCST90239001-GCST90240000/GCST90239653/GCST90239653_buildGRCh37.tsv,,https://ftp.ebi.ac.uk/pub/databases/gwas/summary_statistics/GCST90239001-GCST90240000/GCST90239653/md5sum.txt,GRCh37,catalog-metadata,catalog_original,Graham SE,2021,Nature,HDLC,High density lipoprotein cholesterol levels,AMR,GCST90239653,48057,1800000000,.tsv,,
2021_Graham_Nature_HDLC_EAS_GCST90239651,https://ftp.ebi.ac.uk/pub/databases/gwas/summary_statistics/GCST90239001-GCST90240000/GCST90239651/GCST90239651_buildGRCh37.tsv,,https://ftp.ebi.ac.uk/pub/databases/gwas/summary_statistics/GCST90239001-GCST90240000/GCST90239651/md5sum.txt,GRCh37,catalog-metadata,catalog_original,Graham SE,2021,Nature,HDLC,High density lipoprotein cholesterol levels,EAS,GCST90239651,146492,1100000000,.tsv,,
2021_Graham_Nature_HDLC_EUR_GCST90239652,https://ftp.ebi.ac.uk/pub/databases/gwas/summary_statistics/GCST90239001-GCST90240000/GCST90239652/GCST90239652.tsv.gz,,,GRCh37,catalog-metadata,catalog_original,Graham SE,2021,Nature,HDLC,High density lipoprotein cholesterol levels,EUR,GCST90239652,1320016,2000000000,.tsv.gz,,"the GWAS Catalog publishes no md5sum.txt for this study (checked 2026-10-08), so only the download size is checked"
2021_Graham_Nature_HDLC_MULTI_GCST90239649,https://ftp.ebi.ac.uk/pub/databases/gwas/summary_statistics/GCST90239001-GCST90240000/GCST90239649/GCST90239649_buildGRCh37.tsv,,https://ftp.ebi.ac.uk/pub/databases/gwas/summary_statistics/GCST90239001-GCST90240000/GCST90239649/md5sum.txt,GRCh37,catalog-metadata,catalog_original,Graham SE,2021,Nature,HDLC,High density lipoprotein cholesterol levels,MULTI,GCST90239649,1654960,3100000000,.tsv,,
2021_Graham_Nature_HDLC_SAS_GCST90239654,https://ftp.ebi.ac.uk/pub/databases/gwas/summary_statistics/GCST90239001-GCST90240000/GCST90239654/GCST90239654_buildGRCh37.tsv,,https://ftp.ebi.ac.uk/pub/databases/gwas/summary_statistics/GCST90239001-GCST90240000/GCST90239654/md5sum.txt,GRCh37,catalog-metadata,catalog_original,Graham SE,2021,Nature,HDLC,High density lipoprotein cholesterol levels,SAS,GCST90239654,40963,1100000000,.tsv,,
2021_Graham_Nature_LDLC_AFR_GCST90239656,https://ftp.ebi.ac.uk/pub/databases/gwas/summary_statistics/GCST90239001-GCST90240000/GCST90239656/GCST90239656_buildGRCh37.tsv,,https://ftp.ebi.ac.uk/pub/databases/gwas/summary_statistics/GCST90239001-GCST90240000/GCST90239656/md5sum.txt,GRCh37,catalog-metadata,catalog_original,Graham SE,2021,Nature,LDLC,Low density lipoprotein cholesterol levels,AFR,GCST90239656,99432,2200000000,.tsv,,
2021_Graham_Nature_LDLC_AMR_GCST90239659,https://ftp.ebi.ac.uk/pub/databases/gwas/summary_statistics/GCST90239001-GCST90240000/GCST90239659/GCST90239659_buildGRCh37.tsv,,https://ftp.ebi.ac.uk/pub/databases/gwas/summary_statistics/GCST90239001-GCST90240000/GCST90239659/md5sum.txt,GRCh37,catalog-metadata,catalog_original,Graham SE,2021,Nature,LDLC,Low density lipoprotein cholesterol levels,AMR,GCST90239659,48057,1700000000,.tsv,,
2021_Graham_Nature_LDLC_EAS_GCST90239657,https://ftp.ebi.ac.uk/pub/databases/gwas/summary_statistics/GCST90239001-GCST90240000/GCST90239657/GCST90239657_buildGRCh37.tsv,,https://ftp.ebi.ac.uk/pub/databases/gwas/summary_statistics/GCST90239001-GCST90240000/GCST90239657/md5sum.txt,GRCh37,catalog-metadata,catalog_original,Graham SE,2021,Nature,LDLC,Low density lipoprotein cholesterol levels,EAS,GCST90239657,146492,1000000000,.tsv,,
2021_Graham_Nature_LDLC_EUR_GCST90239658,https://ftp.ebi.ac.uk/pub/databases/gwas/summary_statistics/GCST90239001-GCST90240000/GCST90239658/GCST90239658_buildGRCh37.tsv,,https://ftp.ebi.ac.uk/pub/databases/gwas/summary_statistics/GCST90239001-GCST90240000/GCST90239658/md5sum.txt,GRCh37,catalog-metadata,catalog_original,Graham SE,2021,Nature,LDLC,Low density lipoprotein cholesterol levels,EUR,GCST90239658,1320016,3200000000,.tsv,,
2021_Graham_Nature_LDLC_MULTI_GCST90239655,https://ftp.ebi.ac.uk/pub/databases/gwas/summary_statistics/GCST90239001-GCST90240000/GCST90239655/GCST90239655_buildGRCh37.tsv,,https://ftp.ebi.ac.uk/pub/databases/gwas/summary_statistics/GCST90239001-GCST90240000/GCST90239655/md5sum.txt,GRCh37,catalog-metadata,catalog_original,Graham SE,2021,Nature,LDLC,Low density lipoprotein cholesterol levels,MULTI,GCST90239655,1654960,3000000000,.tsv,,
2021_Graham_Nature_LDLC_SAS_GCST90239660,https://ftp.ebi.ac.uk/pub/databases/gwas/summary_statistics/GCST90239001-GCST90240000/GCST90239660/GCST90239660_buildGRCh37.tsv,,https://ftp.ebi.ac.uk/pub/databases/gwas/summary_statistics/GCST90239001-GCST90240000/GCST90239660/md5sum.txt,GRCh37,catalog-metadata,catalog_original,Graham SE,2021,Nature,LDLC,Low density lipoprotein cholesterol levels,SAS,GCST90239660,40963,1100000000,.tsv,,
2021_Graham_Nature_NonHDLC_AFR_GCST90239668,https://ftp.ebi.ac.uk/pub/databases/gwas/summary_statistics/GCST90239001-GCST90240000/GCST90239668/GCST90239668_buildGRCh37.tsv,,https://ftp.ebi.ac.uk/pub/databases/gwas/summary_statistics/GCST90239001-GCST90240000/GCST90239668/md5sum.txt,GRCh37,catalog-metadata,catalog_original,Graham SE,2021,Nature,NonHDLC,Non-HDL cholesterol levels,AFR,GCST90239668,99432,1900000000,.tsv,,
2021_Graham_Nature_NonHDLC_AMR_GCST90239671,https://ftp.ebi.ac.uk/pub/databases/gwas/summary_statistics/GCST90239001-GCST90240000/GCST90239671/GCST90239671_buildGRCh37.tsv,,https://ftp.ebi.ac.uk/pub/databases/gwas/summary_statistics/GCST90239001-GCST90240000/GCST90239671/md5sum.txt,GRCh37,catalog-metadata,catalog_original,Graham SE,2021,Nature,NonHDLC,Non-HDL cholesterol levels,AMR,GCST90239671,48057,1200000000,.tsv,,
2021_Graham_Nature_NonHDLC_EAS_GCST90239669,https://ftp.ebi.ac.uk/pub/databases/gwas/summary_statistics/GCST90239001-GCST90240000/GCST90239669/GCST90239669_buildGRCh37.tsv,,https://ftp.ebi.ac.uk/pub/databases/gwas/summary_statistics/GCST90239001-GCST90240000/GCST90239669/md5sum.txt,GRCh37,catalog-metadata,catalog_original,Graham SE,2021,Nature,NonHDLC,Non-HDL cholesterol levels,EAS,GCST90239669,146492,1100000000,.tsv,,
2021_Graham_Nature_NonHDLC_EUR_GCST90239670,https://ftp.ebi.ac.uk/pub/databases/gwas/summary_statistics/GCST90239001-GCST90240000/GCST90239670/GCST90239670_buildGRCh37.tsv,,https://ftp.ebi.ac.uk/pub/databases/gwas/summary_statistics/GCST90239001-GCST90240000/GCST90239670/md5sum.txt,GRCh37,catalog-metadata,catalog_original,Graham SE,2021,Nature,NonHDLC,Non-HDL cholesterol levels,EUR,GCST90239670,1320016,2700000000,.tsv,,
2021_Graham_Nature_NonHDLC_MULTI_GCST90239667,https://ftp.ebi.ac.uk/pub/databases/gwas/summary_statistics/GCST90239001-GCST90240000/GCST90239667/GCST90239667_buildGRCh37.tsv,,https://ftp.ebi.ac.uk/pub/databases/gwas/summary_statistics/GCST90239001-GCST90240000/GCST90239667/md5sum.txt,GRCh37,catalog-metadata,catalog_original,Graham SE,2021,Nature,NonHDLC,Non-HDL cholesterol levels,MULTI,GCST90239667,1654960,2900000000,.tsv,,
2021_Graham_Nature_NonHDLC_SAS_GCST90239672,https://ftp.ebi.ac.uk/pub/databases/gwas/summary_statistics/GCST90239001-GCST90240000/GCST90239672/GCST90239672_buildGRCh37.tsv,,https://ftp.ebi.ac.uk/pub/databases/gwas/summary_statistics/GCST90239001-GCST90240000/GCST90239672/md5sum.txt,GRCh37,catalog-metadata,catalog_original,Graham SE,2021,Nature,NonHDLC,Non-HDL cholesterol levels,SAS,GCST90239672,40963,1100000000,.tsv,,
2021_Graham_Nature_TotalCholesterol_AFR_GCST90239674,https://ftp.ebi.ac.uk/pub/databases/gwas/summary_statistics/GCST90239001-GCST90240000/GCST90239674/GCST90239674_buildGRCh37.tsv,,https://ftp.ebi.ac.uk/pub/databases/gwas/summary_statistics/GCST90239001-GCST90240000/GCST90239674/md5sum.txt,GRCh37,catalog-metadata,catalog_original,Graham SE,2021,Nature,TotalCholesterol,Total cholesterol levels,AFR,GCST90239674,99432,2200000000,.tsv,,
2021_Graham_Nature_TotalCholesterol_AMR_GCST90239677,https://ftp.ebi.ac.uk/pub/databases/gwas/summary_statistics/GCST90239001-GCST90240000/GCST90239677/GCST90239677_buildGRCh37.tsv,,https://ftp.ebi.ac.uk/pub/databases/gwas/summary_statistics/GCST90239001-GCST90240000/GCST90239677/md5sum.txt,GRCh37,catalog-metadata,catalog_original,Graham SE,2021,Nature,TotalCholesterol,Total cholesterol levels,AMR,GCST90239677,48057,1800000000,.tsv,,
2021_Graham_Nature_TotalCholesterol_EAS_GCST90239675,https://ftp.ebi.ac.uk/pub/databases/gwas/summary_statistics/GCST90239001-GCST90240000/GCST90239675/GCST90239675_buildGRCh37.tsv,,https://ftp.ebi.ac.uk/pub/databases/gwas/summary_statistics/GCST90239001-GCST90240000/GCST90239675/md5sum.txt,GRCh37,catalog-metadata,catalog_original,Graham SE,2021,Nature,TotalCholesterol,Total cholesterol levels,EAS,GCST90239675,146492,1100000000,.tsv,,
2021_Graham_Nature_TotalCholesterol_EUR_GCST90239676,https://ftp.ebi.ac.uk/pub/databases/gwas/summary_statistics/GCST90239001-GCST90240000/GCST90239676/GCST90239676_buildGRCh37.tsv,,https://ftp.ebi.ac.uk/pub/databases/gwas/summary_statistics/GCST90239001-GCST90240000/GCST90239676/md5sum.txt,GRCh37,catalog-metadata,catalog_original,Graham SE,2021,Nature,TotalCholesterol,Total cholesterol levels,EUR,GCST90239676,1320016,3200000000,.tsv,,
2021_Graham_Nature_TotalCholesterol_MULTI_GCST90239673,https://ftp.ebi.ac.uk/pub/databases/gwas/summary_statistics/GCST90239001-GCST90240000/GCST90239673/GCST90239673_buildGRCh37.tsv,,https://ftp.ebi.ac.uk/pub/databases/gwas/summary_statistics/GCST90239001-GCST90240000/GCST90239673/md5sum.txt,GRCh37,catalog-metadata,catalog_original,Graham SE,2021,Nature,TotalCholesterol,Total cholesterol levels,MULTI,GCST90239673,1654960,3100000000,.tsv,,
2021_Graham_Nature_TotalCholesterol_SAS_GCST90239678,https://ftp.ebi.ac.uk/pub/databases/gwas/summary_statistics/GCST90239001-GCST90240000/GCST90239678/GCST90239678_buildGRCh37.tsv,,https://ftp.ebi.ac.uk/pub/databases/gwas/summary_statistics/GCST90239001-GCST90240000/GCST90239678/md5sum.txt,GRCh37,catalog-metadata,catalog_original,Graham SE,2021,Nature,TotalCholesterol,Total cholesterol levels,SAS,GCST90239678,40963,1100000000,.tsv,,
2021_Graham_Nature_Triglycerides_AFR_GCST90239662,https://ftp.ebi.ac.uk/pub/databases/gwas/summary_statistics/GCST90239001-GCST90240000/GCST90239662/GCST90239662_buildGRCh37.tsv,,https://ftp.ebi.ac.uk/pub/databases/gwas/summary_statistics/GCST90239001-GCST90240000/GCST90239662/md5sum.txt,GRCh37,catalog-metadata,catalog_original,Graham SE,2021,Nature,Triglycerides,Triglyceride levels,AFR,GCST90239662,99432,2200000000,.tsv,,
2021_Graham_Nature_Triglycerides_AMR_GCST90239665,https://ftp.ebi.ac.uk/pub/databases/gwas/summary_statistics/GCST90239001-GCST90240000/GCST90239665/GCST90239665_buildGRCh37.tsv,,https://ftp.ebi.ac.uk/pub/databases/gwas/summary_statistics/GCST90239001-GCST90240000/GCST90239665/md5sum.txt,GRCh37,catalog-metadata,catalog_original,Graham SE,2021,Nature,Triglycerides,Triglyceride levels,AMR,GCST90239665,48057,1700000000,.tsv,,
2021_Graham_Nature_Triglycerides_EAS_GCST90239663,https://ftp.ebi.ac.uk/pub/databases/gwas/summary_statistics/GCST90239001-GCST90240000/GCST90239663/GCST90239663_buildGRCh37.tsv,,https://ftp.ebi.ac.uk/pub/databases/gwas/summary_statistics/GCST90239001-GCST90240000/GCST90239663/md5sum.txt,GRCh37,catalog-metadata,catalog_original,Graham SE,2021,Nature,Triglycerides,Triglyceride levels,EAS,GCST90239663,146492,1000000000,.tsv,,
2021_Graham_Nature_Triglycerides_EUR_GCST90239664,https://ftp.ebi.ac.uk/pub/databases/gwas/summary_statistics/GCST90239001-GCST90240000/GCST90239664/GCST90239664_buildGRCh37.tsv,,https://ftp.ebi.ac.uk/pub/databases/gwas/summary_statistics/GCST90239001-GCST90240000/GCST90239664/md5sum.txt,GRCh37,catalog-metadata,catalog_original,Graham SE,2021,Nature,Triglycerides,Triglyceride levels,EUR,GCST90239664,1320016,3200000000,.tsv,,
2021_Graham_Nature_Triglycerides_MULTI_GCST90239661,https://ftp.ebi.ac.uk/pub/databases/gwas/summary_statistics/GCST90239001-GCST90240000/GCST90239661/GCST90239661_buildGRCh37.tsv,,https://ftp.ebi.ac.uk/pub/databases/gwas/summary_statistics/GCST90239001-GCST90240000/GCST90239661/md5sum.txt,GRCh37,catalog-metadata,catalog_original,Graham SE,2021,Nature,Triglycerides,Triglyceride levels,MULTI,GCST90239661,1654960,3000000000,.tsv,,
2021_Graham_Nature_Triglycerides_SAS_GCST90239666,https://ftp.ebi.ac.uk/pub/databases/gwas/summary_statistics/GCST90239001-GCST90240000/GCST90239666/GCST90239666_buildGRCh37.tsv,,https://ftp.ebi.ac.uk/pub/databases/gwas/summary_statistics/GCST90239001-GCST90240000/GCST90239666/md5sum.txt,GRCh37,catalog-metadata,catalog_original,Graham SE,2021,Nature,Triglycerides,Triglyceride levels,SAS,GCST90239666,40963,1100000000,.tsv,,
2021_Moksnes_HMG_CardiacTroponinI_EUR_DataverseNO-NJXV9U,https://dataverse.no/api/access/datafile/166030?format=original,f5aab8bf2426352818b80c1a15ac6ba5,,GRCh38,checked: A/T and C/G SNPs match GRCh38 (0% mismatch) and not GRCh37 (~50%); the authors do not state the build,external,Moksnes MR,2021,Human Molecular Genetics,CardiacTroponinI,CardiacTroponinI,EUR,,48115,2391791908,.txt,effect_allele=Allele1;other_allele=Allele2;effect_allele_frequency=Freq1,"positions parsed from MarkerName; METAL output (Effect/Freq1/Direction/HetISq columns): Allele1 is the effect allele and Freq1 its frequency; N: study total from the authors' DataverseNO README (HUNT 29,839 + GS:SFHS 18,276)"
2021_Sakaue_NatGenet_ALP_EAS_GCST90018722,https://ftp.ebi.ac.uk/pub/databases/gwas/summary_statistics/GCST90018001-GCST90019000/GCST90018722/GCST90018722_buildGRCh37.tsv.gz,,https://ftp.ebi.ac.uk/pub/databases/gwas/summary_statistics/GCST90018001-GCST90019000/GCST90018722/md5sum.txt,GRCh37,catalog-metadata,catalog_original,Sakaue S,2021,Nature Genetics,ALP,Serum alkaline phosphatase levels,EAS,GCST90018722,118886,232000000,.tsv.gz,,
2021_Sakaue_NatGenet_ALP_MULTI_GCST90018942,https://ftp.ebi.ac.uk/pub/databases/gwas/summary_statistics/GCST90018001-GCST90019000/GCST90018942/GCST90018942_buildGRCh37.tsv.gz,,https://ftp.ebi.ac.uk/pub/databases/gwas/summary_statistics/GCST90018001-GCST90019000/GCST90018942/md5sum.txt,GRCh37,catalog-metadata,catalog_original,Sakaue S,2021,Nature Genetics,ALP,Serum alkaline phosphatase levels,MULTI,GCST90018942,463178,326000000,.tsv.gz,,
2021_Sakaue_NatGenet_Calcium_EAS_GCST90018731,https://ftp.ebi.ac.uk/pub/databases/gwas/summary_statistics/GCST90018001-GCST90019000/GCST90018731/GCST90018731_buildGRCh37.tsv.gz,,https://ftp.ebi.ac.uk/pub/databases/gwas/summary_statistics/GCST90018001-GCST90019000/GCST90018731/md5sum.txt,GRCh37,catalog-metadata,catalog_original,Sakaue S,2021,Nature Genetics,Calcium,Calcium levels,EAS,GCST90018731,83980,231000000,.tsv.gz,,
2021_Sakaue_NatGenet_Calcium_MULTI_GCST90018951,https://ftp.ebi.ac.uk/pub/databases/gwas/summary_statistics/GCST90018001-GCST90019000/GCST90018951/GCST90018951_buildGRCh37.tsv.gz,,https://ftp.ebi.ac.uk/pub/databases/gwas/summary_statistics/GCST90018001-GCST90019000/GCST90018951/md5sum.txt,GRCh37,catalog-metadata,catalog_original,Sakaue S,2021,Nature Genetics,Calcium,Calcium levels,MULTI,GCST90018951,399133,326000000,.tsv.gz,,
2021_Sakaue_NatGenet_GGT_EAS_GCST90018734,https://ftp.ebi.ac.uk/pub/databases/gwas/summary_statistics/GCST90018001-GCST90019000/GCST90018734/GCST90018734_buildGRCh37.tsv.gz,,https://ftp.ebi.ac.uk/pub/databases/gwas/summary_statistics/GCST90018001-GCST90019000/GCST90018734/md5sum.txt,GRCh37,catalog-metadata,catalog_original,Sakaue S,2021,Nature Genetics,GGT,Gamma glutamyl transpeptidase,EAS,GCST90018734,133471,232000000,.tsv.gz,,
2021_Sakaue_NatGenet_GGT_MULTI_GCST90018954,https://ftp.ebi.ac.uk/pub/databases/gwas/summary_statistics/GCST90018001-GCST90019000/GCST90018954/GCST90018954_buildGRCh37.tsv.gz,,https://ftp.ebi.ac.uk/pub/databases/gwas/summary_statistics/GCST90018001-GCST90019000/GCST90018954/md5sum.txt,GRCh37,catalog-metadata,catalog_original,Sakaue S,2021,Nature Genetics,GGT,Gamma glutamyl transpeptidase,MULTI,GCST90018954,477575,325000000,.tsv.gz,,
2021_Sakaue_NatGenet_TotalBilirubin_EAS_GCST90018753,https://ftp.ebi.ac.uk/pub/databases/gwas/summary_statistics/GCST90018001-GCST90019000/GCST90018753/GCST90018753_buildGRCh37.tsv.gz,,https://ftp.ebi.ac.uk/pub/databases/gwas/summary_statistics/GCST90018001-GCST90019000/GCST90018753/md5sum.txt,GRCh37,catalog-metadata,catalog_original,Sakaue S,2021,Nature Genetics,TotalBilirubin,Total bilirubin levels,EAS,GCST90018753,124341,232000000,.tsv.gz,,
2021_Sakaue_NatGenet_TotalBilirubin_MULTI_GCST90018973,https://ftp.ebi.ac.uk/pub/databases/gwas/summary_statistics/GCST90018001-GCST90019000/GCST90018973/GCST90018973_buildGRCh37.tsv.gz,,https://ftp.ebi.ac.uk/pub/databases/gwas/summary_statistics/GCST90018001-GCST90019000/GCST90018973/md5sum.txt,GRCh37,catalog-metadata,catalog_original,Sakaue S,2021,Nature Genetics,TotalBilirubin,Total bilirubin levels,MULTI,GCST90018973,467170,321000000,.tsv.gz,,
2021_Sakaue_NatGenet_TotalProtein_EAS_GCST90018756,https://ftp.ebi.ac.uk/pub/databases/gwas/summary_statistics/GCST90018001-GCST90019000/GCST90018756/GCST90018756_buildGRCh37.tsv.gz,,https://ftp.ebi.ac.uk/pub/databases/gwas/summary_statistics/GCST90018001-GCST90019000/GCST90018756/md5sum.txt,GRCh37,catalog-metadata,catalog_original,Sakaue S,2021,Nature Genetics,TotalProtein,Serum total protein levels,EAS,GCST90018756,133321,232000000,.tsv.gz,,
2021_Sakaue_NatGenet_TotalProtein_MULTI_GCST90018976,https://ftp.ebi.ac.uk/pub/databases/gwas/summary_statistics/GCST90018001-GCST90019000/GCST90018976/GCST90018976_buildGRCh37.tsv.gz,,https://ftp.ebi.ac.uk/pub/databases/gwas/summary_statistics/GCST90018001-GCST90019000/GCST90018976/md5sum.txt,GRCh37,catalog-metadata,catalog_original,Sakaue S,2021,Nature Genetics,TotalProtein,Serum total protein levels,MULTI,GCST90018976,448242,326000000,.tsv.gz,,
2021_SinnottArmstrong_NatGenet_IGF1_MULTI_GCST90019511,https://ftp.ebi.ac.uk/pub/databases/gwas/summary_statistics/GCST90019001-GCST90020000/GCST90019511/GCST90019511_buildGRCh37.tsv,,https://ftp.ebi.ac.uk/pub/databases/gwas/summary_statistics/GCST90019001-GCST90020000/GCST90019511/md5sum.txt,GRCh37,catalog-metadata,catalog_original,Sinnott-Armstrong N,2021,Nature Genetics,IGF1,Insulin-like growth factor 1 levels,MULTI,GCST90019511,353824,587000000,.tsv,,
2021_SinnottArmstrong_NatGenet_Phosphate_MULTI_GCST90019516,https://ftp.ebi.ac.uk/pub/databases/gwas/summary_statistics/GCST90019001-GCST90020000/GCST90019516/GCST90019516_buildGRCh37.tsv,,https://ftp.ebi.ac.uk/pub/databases/gwas/summary_statistics/GCST90019001-GCST90020000/GCST90019516/md5sum.txt,GRCh37,catalog-metadata,catalog_original,Sinnott-Armstrong N,2021,Nature Genetics,Phosphate,Serum phosphate levels,MULTI,GCST90019516,325141,586000000,.tsv,,
2021_Stanzick_NatCommun_BUN_EUR_GCST90103632,https://ftp.ebi.ac.uk/pub/databases/gwas/summary_statistics/GCST90103001-GCST90104000/GCST90103632/GCST90103632_buildGRCh37.tsv,,https://ftp.ebi.ac.uk/pub/databases/gwas/summary_statistics/GCST90103001-GCST90104000/GCST90103632/md5sum.txt,GRCh37,catalog-metadata,catalog_original,Stanzick KJ,2021,Nature Communications,BUN,Blood urea nitrogen levels,EUR,GCST90103632,852680,621000000,.tsv,,
2021_Stanzick_NatCommun_eGFRcys_EUR_GCST90103635,https://ftp.ebi.ac.uk/pub/databases/gwas/summary_statistics/GCST90103001-GCST90104000/GCST90103635/GCST90103635_buildGRCh37.tsv,,https://ftp.ebi.ac.uk/pub/databases/gwas/summary_statistics/GCST90103001-GCST90104000/GCST90103635/md5sum.txt,GRCh37,catalog-metadata,catalog_original,Stanzick KJ,2021,Nature Communications,eGFRcys,Estimated glomerular filtration rate (cystatin c),EUR,GCST90103635,460826,636000000,.tsv,,
2022_Moksnes_CommunBiol_Ferritin_EUR_DataverseNO-S9TJEL,https://dataverse.no/api/access/datafile/128836?format=original,05decc284684989a75805ca94f780f5b,,GRCh38,checked: A/T and C/G SNPs match GRCh38 (0% mismatch) and not GRCh37 (~50%); the authors do not state the build,external,Moksnes MR,2022,Communications Biology,Ferritin,Ferritin,EUR,,257953,1076888666,.txt,,N: study total from the authors' DataverseNO README
2022_Moksnes_CommunBiol_SerumIron_EUR_DataverseNO-S9TJEL,https://dataverse.no/api/access/datafile/128833?format=original,57f72c79a5f45f21963703dd5c023ff2,,GRCh38,checked: A/T and C/G SNPs match GRCh38 (0% mismatch) and not GRCh37 (~50%); the authors do not state the build,external,Moksnes MR,2022,Communications Biology,SerumIron,SerumIron,EUR,,236612,1297386528,.txt,,N: study total from the authors' DataverseNO README
2022_Moksnes_CommunBiol_TIBC_EUR_DataverseNO-S9TJEL,https://dataverse.no/api/access/datafile/128835?format=original,40360c49351b41eed1fa2db08782f644,,GRCh38,checked: A/T and C/G SNPs match GRCh38 (0% mismatch) and not GRCh37 (~50%); the authors do not state the build,external,Moksnes MR,2022,Communications Biology,TIBC,TIBC,EUR,,208422,1297827626,.txt,,N: study total from the authors' DataverseNO README
2022_Moksnes_CommunBiol_TransferrinSaturation_EUR_DataverseNO-S9TJEL,https://dataverse.no/api/access/datafile/128834?format=original,e67b085ef2240a0797b5d7bb0d9cbfd8,,GRCh38,checked: A/T and C/G SNPs match GRCh38 (0% mismatch) and not GRCh37 (~50%); the authors do not state the build,external,Moksnes MR,2022,Communications Biology,TransferrinSaturation,TransferrinSaturation,EUR,,198516,1131753745,.txt,,N: study total from the authors' DataverseNO README
2022_Said_NatCommun_CRP_EUR_GCST90029070,https://ftp.ebi.ac.uk/pub/databases/gwas/summary_statistics/GCST90029001-GCST90030000/GCST90029070/GCST90029070_buildGRCh37.tsv.gz,,https://ftp.ebi.ac.uk/pub/databases/gwas/summary_statistics/GCST90029001-GCST90030000/GCST90029070/md5sum.txt,GRCh37,catalog-metadata,catalog_original,Said S,2022,Nature Communications,CRP,C-reactive protein levels,EUR,GCST90029070,575531,153000000,.tsv.gz,,
2023_Liu_NatGenet_LeftHippocampalVolume_EAS_GCST90267952,https://ftp.ebi.ac.uk/pub/databases/gwas/summary_statistics/GCST90267001-GCST90268000/GCST90267952/GCST90267952.tsv,,https://ftp.ebi.ac.uk/pub/databases/gwas/summary_statistics/GCST90267001-GCST90268000/GCST90267952/md5sum.txt,GRCh37,catalog-metadata,catalog_original,Liu N,2023,Nature Genetics,LeftHippocampalVolume,Left hippocampal volume,EAS,GCST90267952,7009,829000000,.tsv,,
2023_Liu_NatGenet_LeftHippocampalVolume_MULTI_GCST90267908,https://ftp.ebi.ac.uk/pub/databases/gwas/summary_statistics/GCST90267001-GCST90268000/GCST90267908/GCST90267908.tsv,,https://ftp.ebi.ac.uk/pub/databases/gwas/summary_statistics/GCST90267001-GCST90268000/GCST90267908/md5sum.txt,GRCh37,catalog-metadata,catalog_original,Liu N,2023,Nature Genetics,LeftHippocampalVolume,Left hippocampal volume,MULTI,GCST90267908,65791,271000000,.tsv,,
2023_Liu_NatGenet_RightHippocampalVolume_EAS_GCST90267974,https://ftp.ebi.ac.uk/pub/databases/gwas/summary_statistics/GCST90267001-GCST90268000/GCST90267974/GCST90267974.tsv,,https://ftp.ebi.ac.uk/pub/databases/gwas/summary_statistics/GCST90267001-GCST90268000/GCST90267974/md5sum.txt,GRCh37,catalog-metadata,catalog_original,Liu N,2023,Nature Genetics,RightHippocampalVolume,Right hippocampal volume,EAS,GCST90267974,7009,829000000,.tsv,,
2023_Liu_NatGenet_RightHippocampalVolume_MULTI_GCST90267930,https://ftp.ebi.ac.uk/pub/databases/gwas/summary_statistics/GCST90267001-GCST90268000/GCST90267930/GCST90267930.tsv,,https://ftp.ebi.ac.uk/pub/databases/gwas/summary_statistics/GCST90267001-GCST90268000/GCST90267930/md5sum.txt,GRCh37,catalog-metadata,catalog_original,Liu N,2023,Nature Genetics,RightHippocampalVolume,Right hippocampal volume,MULTI,GCST90267930,65791,271000000,.tsv,,
2023_Wang_PLoSGenet_25OHD_AFR_cnsgenomics,https://cnsgenomics.com/data/wang_2023/Wang_2023_25OHD_AFR.gz,,,GRCh37,readme (hg19),external,Wang X,2023,PLoS Genetics,25OHD,25OHD,AFR,,8306,0,.txt.gz,effect_allele=A1;other_allele=A2;effect_allele_frequency=AF1,author README: A1 is the effect allele and AF1 its frequency
2023_Wang_PLoSGenet_25OHD_EAS_cnsgenomics,https://cnsgenomics.com/data/wang_2023/Wang_2023_25OHD_EAS.gz,,,GRCh37,readme (hg19),external,Wang X,2023,PLoS Genetics,25OHD,25OHD,EAS,,2279,0,.txt.gz,effect_allele=A1;other_allele=A2;effect_allele_frequency=AF1,author README: A1 is the effect allele and AF1 its frequency
2023_Wang_PLoSGenet_25OHD_SAS_cnsgenomics,https://cnsgenomics.com/data/wang_2023/Wang_2023_25OHD_SAS.gz,,,GRCh37,readme (hg19),external,Wang X,2023,PLoS Genetics,25OHD,25OHD,SAS,,9983,0,.txt.gz,effect_allele=A1;other_allele=A2;effect_allele_frequency=AF1,author README: A1 is the effect allele and AF1 its frequency
2024_Ahmad_CommunBiol_PlasmaNfL_AFR_GCST90444479,https://ftp.ebi.ac.uk/pub/databases/gwas/summary_statistics/GCST90444001-GCST90445000/GCST90444479/GCST90444479.tsv.gz,,https://ftp.ebi.ac.uk/pub/databases/gwas/summary_statistics/GCST90444001-GCST90445000/GCST90444479/md5sum.txt,GRCh37,catalog-metadata,catalog_original,Ahmad S,2024,Communications Biology,PlasmaNfL,Neurofilament light chain levels,AFR,GCST90444479,1142,223000000,.tsv.gz,,
2024_Ahmad_CommunBiol_PlasmaNfL_EUR_GCST90444478,https://ftp.ebi.ac.uk/pub/databases/gwas/summary_statistics/GCST90444001-GCST90445000/GCST90444478/GCST90444478.tsv.gz,,https://ftp.ebi.ac.uk/pub/databases/gwas/summary_statistics/GCST90444001-GCST90445000/GCST90444478/md5sum.txt,GRCh37,catalog-metadata,catalog_original,Ahmad S,2024,Communications Biology,PlasmaNfL,Neurofilament light chain levels,EUR,GCST90444478,18532,206000000,.tsv.gz,,
2024_Ahmad_CommunBiol_PlasmaNfL_MULTI_GCST90444480,https://ftp.ebi.ac.uk/pub/databases/gwas/summary_statistics/GCST90444001-GCST90445000/GCST90444480/GCST90444480.tsv.gz,,https://ftp.ebi.ac.uk/pub/databases/gwas/summary_statistics/GCST90444001-GCST90445000/GCST90444480/md5sum.txt,GRCh37,catalog-metadata,catalog_original,Ahmad S,2024,Communications Biology,PlasmaNfL,Neurofilament light chain levels,MULTI,GCST90444480,19674,93000000,.tsv.gz,,
2024_Cho_NatCommun_Urate_EAS_GCST90319905,https://ftp.ebi.ac.uk/pub/databases/gwas/summary_statistics/GCST90319001-GCST90320000/GCST90319905/GCST90319905.tsv.gz,,https://ftp.ebi.ac.uk/pub/databases/gwas/summary_statistics/GCST90319001-GCST90320000/GCST90319905/md5sum.txt,GRCh37,catalog-metadata,catalog_original,Cho C,2024,Nature Communications,Urate,Serum urate levels,EAS,GCST90319905,219768,93000000,.tsv.gz,,
2024_Cho_NatCommun_Urate_EUR_GCST90319906,https://ftp.ebi.ac.uk/pub/databases/gwas/summary_statistics/GCST90319001-GCST90320000/GCST90319906/GCST90319906.tsv.gz,,https://ftp.ebi.ac.uk/pub/databases/gwas/summary_statistics/GCST90319001-GCST90320000/GCST90319906/md5sum.txt,GRCh37,catalog-metadata,catalog_original,Cho C,2024,Nature Communications,Urate,Serum urate levels,EUR,GCST90319906,677373,128000000,.tsv.gz,,
2024_Cho_NatCommun_Urate_MULTI_GCST90319904,https://ftp.ebi.ac.uk/pub/databases/gwas/summary_statistics/GCST90319001-GCST90320000/GCST90319904/GCST90319904.tsv.gz,,https://ftp.ebi.ac.uk/pub/databases/gwas/summary_statistics/GCST90319001-GCST90320000/GCST90319904/md5sum.txt,GRCh37,catalog-metadata,catalog_original,Cho C,2024,Nature Communications,Urate,Serum urate levels,MULTI,GCST90319904,1029323,159000000,.tsv.gz,,
2024_Keaton_NatGenet_DBP_EUR_GCST90310295,https://ftp.ebi.ac.uk/pub/databases/gwas/summary_statistics/GCST90310001-GCST90311000/GCST90310295/GCST90310295.tsv.gz,,https://ftp.ebi.ac.uk/pub/databases/gwas/summary_statistics/GCST90310001-GCST90311000/GCST90310295/md5sum.txt,GRCh37,catalog-metadata,catalog_original,Keaton JM,2024,Nature Genetics,DBP,Diastolic blood pressure,EUR,GCST90310295,1028980,141000000,.tsv.gz,,
2024_Keaton_NatGenet_PP_EUR_GCST90310296,https://ftp.ebi.ac.uk/pub/databases/gwas/summary_statistics/GCST90310001-GCST90311000/GCST90310296/GCST90310296.tsv.gz,,https://ftp.ebi.ac.uk/pub/databases/gwas/summary_statistics/GCST90310001-GCST90311000/GCST90310296/md5sum.txt,GRCh37,catalog-metadata,catalog_original,Keaton JM,2024,Nature Genetics,PP,Pulse pressure,EUR,GCST90310296,1028980,141000000,.tsv.gz,,
2024_Keaton_NatGenet_SBP_EUR_GCST90310294,https://ftp.ebi.ac.uk/pub/databases/gwas/summary_statistics/GCST90310001-GCST90311000/GCST90310294/GCST90310294.tsv.gz,,https://ftp.ebi.ac.uk/pub/databases/gwas/summary_statistics/GCST90310001-GCST90311000/GCST90310294/md5sum.txt,GRCh37,catalog-metadata,catalog_original,Keaton JM,2024,Nature Genetics,SBP,Systolic blood pressure,EUR,GCST90310294,1028980,143000000,.tsv.gz,,
2024_Verma_Science_ALT_AFR_GCST90475111,https://ftp.ebi.ac.uk/pub/databases/gwas/summary_statistics/GCST90475001-GCST90476000/GCST90475111/GCST90475111.tsv.gz,,https://ftp.ebi.ac.uk/pub/databases/gwas/summary_statistics/GCST90475001-GCST90476000/GCST90475111/md5sum.txt,GRCh38,"catalog-metadata: GRCh38; array data, imputation panel not stated",catalog_original,Verma A,2024,Science,ALT,"Alanine transaminase (ALT, mean, inv-norm transformed)",AFR,GCST90475111,115128,851000000,.tsv.gz,,
2024_Verma_Science_ALT_AMR_GCST90475110,https://ftp.ebi.ac.uk/pub/databases/gwas/summary_statistics/GCST90475001-GCST90476000/GCST90475110/GCST90475110.tsv.gz,,https://ftp.ebi.ac.uk/pub/databases/gwas/summary_statistics/GCST90475001-GCST90476000/GCST90475110/md5sum.txt,GRCh38,"catalog-metadata: GRCh38; array data, imputation panel not stated",catalog_original,Verma A,2024,Science,ALT,"Alanine transaminase (ALT, mean, inv-norm transformed)",AMR,GCST90475110,56001,634000000,.tsv.gz,,
2024_Verma_Science_ALT_EAS_GCST90476557,https://ftp.ebi.ac.uk/pub/databases/gwas/summary_statistics/GCST90476001-GCST90477000/GCST90476557/GCST90476557.tsv.gz,,https://ftp.ebi.ac.uk/pub/databases/gwas/summary_statistics/GCST90476001-GCST90477000/GCST90476557/md5sum.txt,GRCh38,catalog-metadata,catalog_original,Verma A,2024,Science,ALT,"Alanine transaminase (ALT, mean, inv-norm transformed)",EAS,GCST90476557,6050,208000000,.tsv.gz,,
2024_Verma_Science_ALT_EUR_GCST90475112,https://ftp.ebi.ac.uk/pub/databases/gwas/summary_statistics/GCST90475001-GCST90476000/GCST90475112/GCST90475112.tsv.gz,,https://ftp.ebi.ac.uk/pub/databases/gwas/summary_statistics/GCST90475001-GCST90476000/GCST90475112/md5sum.txt,GRCh38,"catalog-metadata: GRCh38; array data, imputation panel not stated",catalog_original,Verma A,2024,Science,ALT,"Alanine transaminase (ALT, mean, inv-norm transformed)",EUR,GCST90475112,406803,453000000,.tsv.gz,,
2024_Verma_Science_ALT_MULTI_GCST90479507,https://ftp.ebi.ac.uk/pub/databases/gwas/summary_statistics/GCST90479001-GCST90480000/GCST90479507/GCST90479507.tsv.gz,,https://ftp.ebi.ac.uk/pub/databases/gwas/summary_statistics/GCST90479001-GCST90480000/GCST90479507/md5sum.txt,GRCh38,catalog-metadata,catalog_original,Verma A,2024,Science,ALT,"Alanine transaminase (ALT, mean, inv-norm transformed)",MULTI,GCST90479507,583982,709000000,.tsv.gz,,
2024_Verma_Science_AST_AFR_GCST90475120,https://ftp.ebi.ac.uk/pub/databases/gwas/summary_statistics/GCST90475001-GCST90476000/GCST90475120/GCST90475120.tsv.gz,,https://ftp.ebi.ac.uk/pub/databases/gwas/summary_statistics/GCST90475001-GCST90476000/GCST90475120/md5sum.txt,GRCh38,catalog-metadata,catalog_original,Verma A,2024,Science,AST,"Aspartate aminotransferase (AST, mean, inv-norm transformed)",AFR,GCST90475120,112429,851000000,.tsv.gz,,
2024_Verma_Science_AST_AMR_GCST90475119,https://ftp.ebi.ac.uk/pub/databases/gwas/summary_statistics/GCST90475001-GCST90476000/GCST90475119/GCST90475119.tsv.gz,,https://ftp.ebi.ac.uk/pub/databases/gwas/summary_statistics/GCST90475001-GCST90476000/GCST90475119/md5sum.txt,GRCh38,catalog-metadata,catalog_original,Verma A,2024,Science,AST,"Aspartate aminotransferase (AST, mean, inv-norm transformed)",AMR,GCST90475119,54250,634000000,.tsv.gz,,
2024_Verma_Science_AST_EAS_GCST90476560,https://ftp.ebi.ac.uk/pub/databases/gwas/summary_statistics/GCST90476001-GCST90477000/GCST90476560/GCST90476560.tsv.gz,,https://ftp.ebi.ac.uk/pub/databases/gwas/summary_statistics/GCST90476001-GCST90477000/GCST90476560/md5sum.txt,GRCh38,catalog-metadata,catalog_original,Verma A,2024,Science,AST,"Aspartate aminotransferase (AST, mean, inv-norm transformed)",EAS,GCST90476560,5835,208000000,.tsv.gz,,
2024_Verma_Science_AST_EUR_GCST90475121,https://ftp.ebi.ac.uk/pub/databases/gwas/summary_statistics/GCST90475001-GCST90476000/GCST90475121/GCST90475121.tsv.gz,,https://ftp.ebi.ac.uk/pub/databases/gwas/summary_statistics/GCST90475001-GCST90476000/GCST90475121/md5sum.txt,GRCh38,catalog-metadata,catalog_original,Verma A,2024,Science,AST,"Aspartate aminotransferase (AST, mean, inv-norm transformed)",EUR,GCST90475121,389192,454000000,.tsv.gz,,
2024_Verma_Science_AST_MULTI_GCST90479510,https://ftp.ebi.ac.uk/pub/databases/gwas/summary_statistics/GCST90479001-GCST90480000/GCST90479510/GCST90479510.tsv.gz,,https://ftp.ebi.ac.uk/pub/databases/gwas/summary_statistics/GCST90479001-GCST90480000/GCST90479510/md5sum.txt,GRCh38,catalog-metadata,catalog_original,Verma A,2024,Science,AST,"Aspartate aminotransferase (AST, mean, inv-norm transformed)",MULTI,GCST90479510,561706,710000000,.tsv.gz,,
2024_Verma_Science_Albumin_AFR_GCST90475102,https://ftp.ebi.ac.uk/pub/databases/gwas/summary_statistics/GCST90475001-GCST90476000/GCST90475102/GCST90475102.tsv.gz,,https://ftp.ebi.ac.uk/pub/databases/gwas/summary_statistics/GCST90475001-GCST90476000/GCST90475102/md5sum.txt,GRCh38,"catalog-metadata: GRCh38; array data, imputation panel not stated",catalog_original,Verma A,2024,Science,Albumin,"Albumin (mean, inv-norm transformed)",AFR,GCST90475102,110320,852000000,.tsv.gz,,
2024_Verma_Science_Albumin_AMR_GCST90475101,https://ftp.ebi.ac.uk/pub/databases/gwas/summary_statistics/GCST90475001-GCST90476000/GCST90475101/GCST90475101.tsv.gz,,https://ftp.ebi.ac.uk/pub/databases/gwas/summary_statistics/GCST90475001-GCST90476000/GCST90475101/md5sum.txt,GRCh38,"catalog-metadata: GRCh38; array data, imputation panel not stated",catalog_original,Verma A,2024,Science,Albumin,"Albumin (mean, inv-norm transformed)",AMR,GCST90475101,53287,634000000,.tsv.gz,,
2024_Verma_Science_Albumin_EAS_GCST90476554,https://ftp.ebi.ac.uk/pub/databases/gwas/summary_statistics/GCST90476001-GCST90477000/GCST90476554/GCST90476554.tsv.gz,,https://ftp.ebi.ac.uk/pub/databases/gwas/summary_statistics/GCST90476001-GCST90477000/GCST90476554/md5sum.txt,GRCh38,catalog-metadata,catalog_original,Verma A,2024,Science,Albumin,"Albumin (mean, inv-norm transformed)",EAS,GCST90476554,5707,207000000,.tsv.gz,,
2024_Verma_Science_Albumin_EUR_GCST90475103,https://ftp.ebi.ac.uk/pub/databases/gwas/summary_statistics/GCST90475001-GCST90476000/GCST90475103/GCST90475103.tsv.gz,,https://ftp.ebi.ac.uk/pub/databases/gwas/summary_statistics/GCST90475001-GCST90476000/GCST90475103/md5sum.txt,GRCh38,"catalog-metadata: GRCh38; array data, imputation panel not stated",catalog_original,Verma A,2024,Science,Albumin,"Albumin (mean, inv-norm transformed)",EUR,GCST90475103,372962,454000000,.tsv.gz,,
2024_Verma_Science_Albumin_MULTI_GCST90479504,https://ftp.ebi.ac.uk/pub/databases/gwas/summary_statistics/GCST90479001-GCST90480000/GCST90479504/GCST90479504.tsv.gz,,https://ftp.ebi.ac.uk/pub/databases/gwas/summary_statistics/GCST90479001-GCST90480000/GCST90479504/md5sum.txt,GRCh38,"catalog-metadata: GRCh38; array data, imputation panel not stated",catalog_original,Verma A,2024,Science,Albumin,"Albumin (mean, inv-norm transformed)",MULTI,GCST90479504,542276,702000000,.tsv.gz,,
2024_Verma_Science_Bicarbonate_AFR_GCST90475147,https://ftp.ebi.ac.uk/pub/databases/gwas/summary_statistics/GCST90475001-GCST90476000/GCST90475147/GCST90475147.tsv.gz,,https://ftp.ebi.ac.uk/pub/databases/gwas/summary_statistics/GCST90475001-GCST90476000/GCST90475147/md5sum.txt,GRCh38,"catalog-metadata: GRCh38; array data, imputation panel not stated",catalog_original,Verma A,2024,Science,Bicarbonate,"Bicarbonate (mean, inv-norm transformed)",AFR,GCST90475147,112877,851000000,.tsv.gz,,
2024_Verma_Science_Bicarbonate_AMR_GCST90475146,https://ftp.ebi.ac.uk/pub/databases/gwas/summary_statistics/GCST90475001-GCST90476000/GCST90475146/GCST90475146.tsv.gz,,https://ftp.ebi.ac.uk/pub/databases/gwas/summary_statistics/GCST90475001-GCST90476000/GCST90475146/md5sum.txt,GRCh38,catalog-metadata,catalog_original,Verma A,2024,Science,Bicarbonate,"Bicarbonate (mean, inv-norm transformed)",AMR,GCST90475146,54571,634000000,.tsv.gz,,
2024_Verma_Science_Bicarbonate_EAS_GCST90476563,https://ftp.ebi.ac.uk/pub/databases/gwas/summary_statistics/GCST90476001-GCST90477000/GCST90476563/GCST90476563.tsv.gz,,https://ftp.ebi.ac.uk/pub/databases/gwas/summary_statistics/GCST90476001-GCST90477000/GCST90476563/md5sum.txt,GRCh38,catalog-metadata,catalog_original,Verma A,2024,Science,Bicarbonate,"Bicarbonate (mean, inv-norm transformed)",EAS,GCST90476563,5460,208000000,.tsv.gz,,
2024_Verma_Science_Bicarbonate_EUR_GCST90475148,https://ftp.ebi.ac.uk/pub/databases/gwas/summary_statistics/GCST90475001-GCST90476000/GCST90475148/GCST90475148.tsv.gz,,https://ftp.ebi.ac.uk/pub/databases/gwas/summary_statistics/GCST90475001-GCST90476000/GCST90475148/md5sum.txt,GRCh38,catalog-metadata,catalog_original,Verma A,2024,Science,Bicarbonate,"Bicarbonate (mean, inv-norm transformed)",EUR,GCST90475148,412513,453000000,.tsv.gz,,
2024_Verma_Science_Bicarbonate_MULTI_GCST90479519,https://ftp.ebi.ac.uk/pub/databases/gwas/summary_statistics/GCST90479001-GCST90480000/GCST90479519/GCST90479519.tsv.gz,,https://ftp.ebi.ac.uk/pub/databases/gwas/summary_statistics/GCST90479001-GCST90480000/GCST90479519/md5sum.txt,GRCh38,"catalog-metadata: GRCh38; array data, imputation panel not stated",catalog_original,Verma A,2024,Science,Bicarbonate,"Bicarbonate (mean, inv-norm transformed)",MULTI,GCST90479519,585421,709000000,.tsv.gz,,
2024_Verma_Science_Chloride_AFR_GCST90475193,https://ftp.ebi.ac.uk/pub/databases/gwas/summary_statistics/GCST90475001-GCST90476000/GCST90475193/GCST90475193.tsv.gz,,https://ftp.ebi.ac.uk/pub/databases/gwas/summary_statistics/GCST90475001-GCST90476000/GCST90475193/md5sum.txt,GRCh38,"catalog-metadata: GRCh38; array data, imputation panel not stated",catalog_original,Verma A,2024,Science,Chloride,"chloride  (mean, inv-norm transformed)",AFR,GCST90475193,112886,851000000,.tsv.gz,,
2024_Verma_Science_Chloride_AMR_GCST90476589,https://ftp.ebi.ac.uk/pub/databases/gwas/summary_statistics/GCST90476001-GCST90477000/GCST90476589/GCST90476589.tsv.gz,,https://ftp.ebi.ac.uk/pub/databases/gwas/summary_statistics/GCST90476001-GCST90477000/GCST90476589/md5sum.txt,GRCh38,"catalog-metadata: GRCh38; array data, imputation panel not stated",catalog_original,Verma A,2024,Science,Chloride,"chloride  (mean, inv-norm transformed)",AMR,GCST90476589,54578,634000000,.tsv.gz,,
2024_Verma_Science_Chloride_EAS_GCST90476590,https://ftp.ebi.ac.uk/pub/databases/gwas/summary_statistics/GCST90476001-GCST90477000/GCST90476590/GCST90476590.tsv.gz,,https://ftp.ebi.ac.uk/pub/databases/gwas/summary_statistics/GCST90476001-GCST90477000/GCST90476590/md5sum.txt,GRCh38,"catalog-metadata: GRCh38; array data, imputation panel not stated",catalog_original,Verma A,2024,Science,Chloride,"chloride  (mean, inv-norm transformed)",EAS,GCST90476590,5468,208000000,.tsv.gz,,
2024_Verma_Science_Chloride_EUR_GCST90475194,https://ftp.ebi.ac.uk/pub/databases/gwas/summary_statistics/GCST90475001-GCST90476000/GCST90475194/GCST90475194.tsv.gz,,https://ftp.ebi.ac.uk/pub/databases/gwas/summary_statistics/GCST90475001-GCST90476000/GCST90475194/md5sum.txt,GRCh38,catalog-metadata,catalog_original,Verma A,2024,Science,Chloride,"chloride  (mean, inv-norm transformed)",EUR,GCST90475194,412569,453000000,.tsv.gz,,
2024_Verma_Science_Chloride_MULTI_GCST90479540,https://ftp.ebi.ac.uk/pub/databases/gwas/summary_statistics/GCST90479001-GCST90480000/GCST90479540/GCST90479540.tsv.gz,,https://ftp.ebi.ac.uk/pub/databases/gwas/summary_statistics/GCST90479001-GCST90480000/GCST90479540/md5sum.txt,GRCh38,catalog-metadata,catalog_original,Verma A,2024,Science,Chloride,"chloride  (mean, inv-norm transformed)",MULTI,GCST90479540,585501,709000000,.tsv.gz,,
2024_Verma_Science_Creatinine_AFR_GCST90475228,https://ftp.ebi.ac.uk/pub/databases/gwas/summary_statistics/GCST90475001-GCST90476000/GCST90475228/GCST90475228.tsv.gz,,https://ftp.ebi.ac.uk/pub/databases/gwas/summary_statistics/GCST90475001-GCST90476000/GCST90475228/md5sum.txt,GRCh38,catalog-metadata,catalog_original,Verma A,2024,Science,Creatinine,"creatinine (mean, inv-norm transformed)",AFR,GCST90475228,116707,851000000,.tsv.gz,,
2024_Verma_Science_Creatinine_AMR_GCST90475227,https://ftp.ebi.ac.uk/pub/databases/gwas/summary_statistics/GCST90475001-GCST90476000/GCST90475227/GCST90475227.tsv.gz,,https://ftp.ebi.ac.uk/pub/databases/gwas/summary_statistics/GCST90475001-GCST90476000/GCST90475227/md5sum.txt,GRCh38,"catalog-metadata: GRCh38; array data, imputation panel not stated",catalog_original,Verma A,2024,Science,Creatinine,"creatinine (mean, inv-norm transformed)",AMR,GCST90475227,57141,634000000,.tsv.gz,,
2024_Verma_Science_Creatinine_EAS_GCST90476637,https://ftp.ebi.ac.uk/pub/databases/gwas/summary_statistics/GCST90476001-GCST90477000/GCST90476637/GCST90476637.tsv.gz,,https://ftp.ebi.ac.uk/pub/databases/gwas/summary_statistics/GCST90476001-GCST90477000/GCST90476637/md5sum.txt,GRCh38,"catalog-metadata: GRCh38; array data, imputation panel not stated",catalog_original,Verma A,2024,Science,Creatinine,"creatinine (mean, inv-norm transformed)",EAS,GCST90476637,6285,207000000,.tsv.gz,,
2024_Verma_Science_Creatinine_EUR_GCST90475229,https://ftp.ebi.ac.uk/pub/databases/gwas/summary_statistics/GCST90475001-GCST90476000/GCST90475229/GCST90475229.tsv.gz,,https://ftp.ebi.ac.uk/pub/databases/gwas/summary_statistics/GCST90475001-GCST90476000/GCST90475229/md5sum.txt,GRCh38,catalog-metadata,catalog_original,Verma A,2024,Science,Creatinine,"creatinine (mean, inv-norm transformed)",EUR,GCST90475229,421411,454000000,.tsv.gz,,
2024_Verma_Science_Creatinine_MULTI_GCST90479562,https://ftp.ebi.ac.uk/pub/databases/gwas/summary_statistics/GCST90479001-GCST90480000/GCST90479562/GCST90479562.tsv.gz,,https://ftp.ebi.ac.uk/pub/databases/gwas/summary_statistics/GCST90479001-GCST90480000/GCST90479562/md5sum.txt,GRCh38,"catalog-metadata: GRCh38; array data, imputation panel not stated",catalog_original,Verma A,2024,Science,Creatinine,"creatinine (mean, inv-norm transformed)",MULTI,GCST90479562,601544,709000000,.tsv.gz,,
2024_Verma_Science_ESR_AFR_GCST90475306,https://ftp.ebi.ac.uk/pub/databases/gwas/summary_statistics/GCST90475001-GCST90476000/GCST90475306/GCST90475306.tsv.gz,,https://ftp.ebi.ac.uk/pub/databases/gwas/summary_statistics/GCST90475001-GCST90476000/GCST90475306/md5sum.txt,GRCh38,catalog-metadata,catalog_original,Verma A,2024,Science,ESR,"erythrocyte sedimentation rate (ESR, mean, inv-norm transformed)",AFR,GCST90475306,11936,659000000,.tsv.gz,,
2024_Verma_Science_ESR_AMR_GCST90476727,https://ftp.ebi.ac.uk/pub/databases/gwas/summary_statistics/GCST90476001-GCST90477000/GCST90476727/GCST90476727.tsv.gz,,https://ftp.ebi.ac.uk/pub/databases/gwas/summary_statistics/GCST90476001-GCST90477000/GCST90476727/md5sum.txt,GRCh38,"catalog-metadata: GRCh38; array data, imputation panel not stated",catalog_original,Verma A,2024,Science,ESR,"erythrocyte sedimentation rate (ESR, mean, inv-norm transformed)",AMR,GCST90476727,5718,413000000,.tsv.gz,,
2024_Verma_Science_ESR_EUR_GCST90475307,https://ftp.ebi.ac.uk/pub/databases/gwas/summary_statistics/GCST90475001-GCST90476000/GCST90475307/GCST90475307.tsv.gz,,https://ftp.ebi.ac.uk/pub/databases/gwas/summary_statistics/GCST90475001-GCST90476000/GCST90475307/md5sum.txt,GRCh38,catalog-metadata,catalog_original,Verma A,2024,Science,ESR,"erythrocyte sedimentation rate (ESR, mean, inv-norm transformed)",EUR,GCST90475307,45436,428000000,.tsv.gz,,
2024_Verma_Science_ESR_MULTI_GCST90479608,https://ftp.ebi.ac.uk/pub/databases/gwas/summary_statistics/GCST90479001-GCST90480000/GCST90479608/GCST90479608.tsv.gz,,https://ftp.ebi.ac.uk/pub/databases/gwas/summary_statistics/GCST90479001-GCST90480000/GCST90479608/md5sum.txt,GRCh38,catalog-metadata,catalog_original,Verma A,2024,Science,ESR,"erythrocyte sedimentation rate (ESR, mean, inv-norm transformed)",MULTI,GCST90479608,63090,465000000,.tsv.gz,,
2024_Verma_Science_Ferritin_AFR_GCST90475313,https://ftp.ebi.ac.uk/pub/databases/gwas/summary_statistics/GCST90475001-GCST90476000/GCST90475313/GCST90475313.tsv.gz,,https://ftp.ebi.ac.uk/pub/databases/gwas/summary_statistics/GCST90475001-GCST90476000/GCST90475313/md5sum.txt,GRCh38,"catalog-metadata: GRCh38; array data, imputation panel not stated",catalog_original,Verma A,2024,Science,Ferritin,"ferritin (mean, inv-norm transformed)",AFR,GCST90475313,30754,782000000,.tsv.gz,,
2024_Verma_Science_Ferritin_AMR_GCST90475312,https://ftp.ebi.ac.uk/pub/databases/gwas/summary_statistics/GCST90475001-GCST90476000/GCST90475312/GCST90475312.tsv.gz,,https://ftp.ebi.ac.uk/pub/databases/gwas/summary_statistics/GCST90475001-GCST90476000/GCST90475312/md5sum.txt,GRCh38,"catalog-metadata: GRCh38; array data, imputation panel not stated",catalog_original,Verma A,2024,Science,Ferritin,"ferritin (mean, inv-norm transformed)",AMR,GCST90475312,11790,510000000,.tsv.gz,,
2024_Verma_Science_Ferritin_EUR_GCST90475314,https://ftp.ebi.ac.uk/pub/databases/gwas/summary_statistics/GCST90475001-GCST90476000/GCST90475314/GCST90475314.tsv.gz,,https://ftp.ebi.ac.uk/pub/databases/gwas/summary_statistics/GCST90475001-GCST90476000/GCST90475314/md5sum.txt,GRCh38,catalog-metadata,catalog_original,Verma A,2024,Science,Ferritin,"ferritin (mean, inv-norm transformed)",EUR,GCST90475314,89513,450000000,.tsv.gz,,
2024_Verma_Science_Ferritin_MULTI_GCST90479611,https://ftp.ebi.ac.uk/pub/databases/gwas/summary_statistics/GCST90479001-GCST90480000/GCST90479611/GCST90479611.tsv.gz,,https://ftp.ebi.ac.uk/pub/databases/gwas/summary_statistics/GCST90479001-GCST90480000/GCST90479611/md5sum.txt,GRCh38,"catalog-metadata: GRCh38; array data, imputation panel not stated",catalog_original,Verma A,2024,Science,Ferritin,"ferritin (mean, inv-norm transformed)",MULTI,GCST90479611,133219,583000000,.tsv.gz,,
2024_Verma_Science_GlucoseRandom_AFR_GCST90475331,https://ftp.ebi.ac.uk/pub/databases/gwas/summary_statistics/GCST90475001-GCST90476000/GCST90475331/GCST90475331.tsv.gz,,https://ftp.ebi.ac.uk/pub/databases/gwas/summary_statistics/GCST90475001-GCST90476000/GCST90475331/md5sum.txt,GRCh38,"catalog-metadata: GRCh38; array data, imputation panel not stated",catalog_original,Verma A,2024,Science,GlucoseRandom,"Glucose (fasting status unknown, mean, inv-norm transformed)",AFR,GCST90475331,118233,851000000,.tsv.gz,,
2024_Verma_Science_GlucoseRandom_AMR_GCST90475330,https://ftp.ebi.ac.uk/pub/databases/gwas/summary_statistics/GCST90475001-GCST90476000/GCST90475330/GCST90475330.tsv.gz,,https://ftp.ebi.ac.uk/pub/databases/gwas/summary_statistics/GCST90475001-GCST90476000/GCST90475330/md5sum.txt,GRCh38,"catalog-metadata: GRCh38; array data, imputation panel not stated",catalog_original,Verma A,2024,Science,GlucoseRandom,"Glucose (fasting status unknown, mean, inv-norm transformed)",AMR,GCST90475330,57284,634000000,.tsv.gz,,
2024_Verma_Science_GlucoseRandom_EAS_GCST90476788,https://ftp.ebi.ac.uk/pub/databases/gwas/summary_statistics/GCST90476001-GCST90477000/GCST90476788/GCST90476788.tsv.gz,,https://ftp.ebi.ac.uk/pub/databases/gwas/summary_statistics/GCST90476001-GCST90477000/GCST90476788/md5sum.txt,GRCh38,"catalog-metadata: GRCh38; array data, imputation panel not stated",catalog_original,Verma A,2024,Science,GlucoseRandom,"Glucose (fasting status unknown, mean, inv-norm transformed)",EAS,GCST90476788,6317,207000000,.tsv.gz,,
2024_Verma_Science_GlucoseRandom_EUR_GCST90475332,https://ftp.ebi.ac.uk/pub/databases/gwas/summary_statistics/GCST90475001-GCST90476000/GCST90475332/GCST90475332.tsv.gz,,https://ftp.ebi.ac.uk/pub/databases/gwas/summary_statistics/GCST90475001-GCST90476000/GCST90475332/md5sum.txt,GRCh38,catalog-metadata,catalog_original,Verma A,2024,Science,GlucoseRandom,"Glucose (fasting status unknown, mean, inv-norm transformed)",EUR,GCST90475332,419946,454000000,.tsv.gz,,
2024_Verma_Science_GlucoseRandom_MULTI_GCST90479626,https://ftp.ebi.ac.uk/pub/databases/gwas/summary_statistics/GCST90479001-GCST90480000/GCST90479626/GCST90479626.tsv.gz,,https://ftp.ebi.ac.uk/pub/databases/gwas/summary_statistics/GCST90479001-GCST90480000/GCST90479626/md5sum.txt,GRCh38,"catalog-metadata: GRCh38; array data, imputation panel not stated",catalog_original,Verma A,2024,Science,GlucoseRandom,"Glucose (fasting status unknown, mean, inv-norm transformed)",MULTI,GCST90479626,601780,709000000,.tsv.gz,,
2024_Verma_Science_HbA1c_AFR_GCST90475093,https://ftp.ebi.ac.uk/pub/databases/gwas/summary_statistics/GCST90475001-GCST90476000/GCST90475093/GCST90475093.tsv.gz,,https://ftp.ebi.ac.uk/pub/databases/gwas/summary_statistics/GCST90475001-GCST90476000/GCST90475093/md5sum.txt,GRCh38,catalog-metadata,catalog_original,Verma A,2024,Science,HbA1c,"Hemoglobin A1c (HbA1c, mean, inv-norm transformed)",AFR,GCST90475093,98735,847000000,.tsv.gz,,
2024_Verma_Science_HbA1c_AMR_GCST90475092,https://ftp.ebi.ac.uk/pub/databases/gwas/summary_statistics/GCST90475001-GCST90476000/GCST90475092/GCST90475092.tsv.gz,,https://ftp.ebi.ac.uk/pub/databases/gwas/summary_statistics/GCST90475001-GCST90476000/GCST90475092/md5sum.txt,GRCh38,catalog-metadata,catalog_original,Verma A,2024,Science,HbA1c,"Hemoglobin A1c (HbA1c, mean, inv-norm transformed)",AMR,GCST90475092,49225,633000000,.tsv.gz,,
2024_Verma_Science_HbA1c_EAS_GCST90476551,https://ftp.ebi.ac.uk/pub/databases/gwas/summary_statistics/GCST90476001-GCST90477000/GCST90476551/GCST90476551.tsv.gz,,https://ftp.ebi.ac.uk/pub/databases/gwas/summary_statistics/GCST90476001-GCST90477000/GCST90476551/md5sum.txt,GRCh38,"catalog-metadata: GRCh38; array data, imputation panel not stated",catalog_original,Verma A,2024,Science,HbA1c,"Hemoglobin A1c (HbA1c, mean, inv-norm transformed)",EAS,GCST90476551,5475,208000000,.tsv.gz,,
2024_Verma_Science_HbA1c_EUR_GCST90475094,https://ftp.ebi.ac.uk/pub/databases/gwas/summary_statistics/GCST90475001-GCST90476000/GCST90475094/GCST90475094.tsv.gz,,https://ftp.ebi.ac.uk/pub/databases/gwas/summary_statistics/GCST90475001-GCST90476000/GCST90475094/md5sum.txt,GRCh38,"catalog-metadata: GRCh38; array data, imputation panel not stated",catalog_original,Verma A,2024,Science,HbA1c,"Hemoglobin A1c (HbA1c, mean, inv-norm transformed)",EUR,GCST90475094,338848,454000000,.tsv.gz,,
2024_Verma_Science_HbA1c_MULTI_GCST90479501,https://ftp.ebi.ac.uk/pub/databases/gwas/summary_statistics/GCST90479001-GCST90480000/GCST90479501/GCST90479501.tsv.gz,,https://ftp.ebi.ac.uk/pub/databases/gwas/summary_statistics/GCST90479001-GCST90480000/GCST90479501/md5sum.txt,GRCh38,"catalog-metadata: GRCh38; array data, imputation panel not stated",catalog_original,Verma A,2024,Science,HbA1c,"Hemoglobin A1c (HbA1c, mean, inv-norm transformed)",MULTI,GCST90479501,492283,709000000,.tsv.gz,,
2024_Verma_Science_INR_AFR_GCST90475392,https://ftp.ebi.ac.uk/pub/databases/gwas/summary_statistics/GCST90475001-GCST90476000/GCST90475392/GCST90475392.tsv.gz,,https://ftp.ebi.ac.uk/pub/databases/gwas/summary_statistics/GCST90475001-GCST90476000/GCST90475392/md5sum.txt,GRCh38,"catalog-metadata: GRCh38; array data, imputation panel not stated",catalog_original,Verma A,2024,Science,INR,"PT international normalized ratio (INR, mean, inv-norm transformed)",AFR,GCST90475392,49317,829000000,.tsv.gz,,
2024_Verma_Science_INR_AMR_GCST90475391,https://ftp.ebi.ac.uk/pub/databases/gwas/summary_statistics/GCST90475001-GCST90476000/GCST90475391/GCST90475391.tsv.gz,,https://ftp.ebi.ac.uk/pub/databases/gwas/summary_statistics/GCST90475001-GCST90476000/GCST90475391/md5sum.txt,GRCh38,"catalog-metadata: GRCh38; array data, imputation panel not stated",catalog_original,Verma A,2024,Science,INR,"PT international normalized ratio (INR, mean, inv-norm transformed)",AMR,GCST90475391,23464,599000000,.tsv.gz,,
2024_Verma_Science_INR_EUR_GCST90475393,https://ftp.ebi.ac.uk/pub/databases/gwas/summary_statistics/GCST90475001-GCST90476000/GCST90475393/GCST90475393.tsv.gz,,https://ftp.ebi.ac.uk/pub/databases/gwas/summary_statistics/GCST90475001-GCST90476000/GCST90475393/md5sum.txt,GRCh38,"catalog-metadata: GRCh38; array data, imputation panel not stated",catalog_original,Verma A,2024,Science,INR,"PT international normalized ratio (INR, mean, inv-norm transformed)",EUR,GCST90475393,165956,452000000,.tsv.gz,,
2024_Verma_Science_INR_MULTI_GCST90479651,https://ftp.ebi.ac.uk/pub/databases/gwas/summary_statistics/GCST90479001-GCST90480000/GCST90479651/GCST90479651.tsv.gz,,https://ftp.ebi.ac.uk/pub/databases/gwas/summary_statistics/GCST90479001-GCST90480000/GCST90479651/md5sum.txt,GRCh38,"catalog-metadata: GRCh38; array data, imputation panel not stated",catalog_original,Verma A,2024,Science,INR,"PT international normalized ratio (INR, mean, inv-norm transformed)",MULTI,GCST90479651,240535,671000000,.tsv.gz,,
2024_Verma_Science_Iron_AFR_GCST90475401,https://ftp.ebi.ac.uk/pub/databases/gwas/summary_statistics/GCST90475001-GCST90476000/GCST90475401/GCST90475401.tsv.gz,,https://ftp.ebi.ac.uk/pub/databases/gwas/summary_statistics/GCST90475001-GCST90476000/GCST90475401/md5sum.txt,GRCh38,"catalog-metadata: GRCh38; array data, imputation panel not stated",catalog_original,Verma A,2024,Science,Iron,"iron (mean, inv-norm transformed)",AFR,GCST90475401,30698,782000000,.tsv.gz,,
2024_Verma_Science_Iron_AMR_GCST90475400,https://ftp.ebi.ac.uk/pub/databases/gwas/summary_statistics/GCST90475001-GCST90476000/GCST90475400/GCST90475400.tsv.gz,,https://ftp.ebi.ac.uk/pub/databases/gwas/summary_statistics/GCST90475001-GCST90476000/GCST90475400/md5sum.txt,GRCh38,catalog-metadata,catalog_original,Verma A,2024,Science,Iron,"iron (mean, inv-norm transformed)",AMR,GCST90475400,11547,505000000,.tsv.gz,,
2024_Verma_Science_Iron_EUR_GCST90475402,https://ftp.ebi.ac.uk/pub/databases/gwas/summary_statistics/GCST90475001-GCST90476000/GCST90475402/GCST90475402.tsv.gz,,https://ftp.ebi.ac.uk/pub/databases/gwas/summary_statistics/GCST90475001-GCST90476000/GCST90475402/md5sum.txt,GRCh38,"catalog-metadata: GRCh38; array data, imputation panel not stated",catalog_original,Verma A,2024,Science,Iron,"iron (mean, inv-norm transformed)",EUR,GCST90475402,84123,450000000,.tsv.gz,,
2024_Verma_Science_Iron_MULTI_GCST90479654,https://ftp.ebi.ac.uk/pub/databases/gwas/summary_statistics/GCST90479001-GCST90480000/GCST90479654/GCST90479654.tsv.gz,,https://ftp.ebi.ac.uk/pub/databases/gwas/summary_statistics/GCST90479001-GCST90480000/GCST90479654/md5sum.txt,GRCh38,catalog-metadata,catalog_original,Verma A,2024,Science,Iron,"iron (mean, inv-norm transformed)",MULTI,GCST90479654,127495,579000000,.tsv.gz,,
2024_Verma_Science_Magnesium_AFR_GCST90475479,https://ftp.ebi.ac.uk/pub/databases/gwas/summary_statistics/GCST90475001-GCST90476000/GCST90475479/GCST90475479.tsv.gz,,https://ftp.ebi.ac.uk/pub/databases/gwas/summary_statistics/GCST90475001-GCST90476000/GCST90475479/md5sum.txt,GRCh38,"catalog-metadata: GRCh38; array data, imputation panel not stated",catalog_original,Verma A,2024,Science,Magnesium,"magnesium (Mg, mean, inv-norm transformed)",AFR,GCST90475479,43608,818000000,.tsv.gz,,
2024_Verma_Science_Magnesium_AMR_GCST90475478,https://ftp.ebi.ac.uk/pub/databases/gwas/summary_statistics/GCST90475001-GCST90476000/GCST90475478/GCST90475478.tsv.gz,,https://ftp.ebi.ac.uk/pub/databases/gwas/summary_statistics/GCST90475001-GCST90476000/GCST90475478/md5sum.txt,GRCh38,catalog-metadata,catalog_original,Verma A,2024,Science,Magnesium,"magnesium (Mg, mean, inv-norm transformed)",AMR,GCST90475478,18807,568000000,.tsv.gz,,
2024_Verma_Science_Magnesium_EUR_GCST90475480,https://ftp.ebi.ac.uk/pub/databases/gwas/summary_statistics/GCST90475001-GCST90476000/GCST90475480/GCST90475480.tsv.gz,,https://ftp.ebi.ac.uk/pub/databases/gwas/summary_statistics/GCST90475001-GCST90476000/GCST90475480/md5sum.txt,GRCh38,catalog-metadata,catalog_original,Verma A,2024,Science,Magnesium,"magnesium (Mg, mean, inv-norm transformed)",EUR,GCST90475480,145571,452000000,.tsv.gz,,
2024_Verma_Science_Magnesium_MULTI_GCST90479679,https://ftp.ebi.ac.uk/pub/databases/gwas/summary_statistics/GCST90479001-GCST90480000/GCST90479679/GCST90479679.tsv.gz,,https://ftp.ebi.ac.uk/pub/databases/gwas/summary_statistics/GCST90479001-GCST90480000/GCST90479679/md5sum.txt,GRCh38,catalog-metadata,catalog_original,Verma A,2024,Science,Magnesium,"magnesium (Mg, mean, inv-norm transformed)",MULTI,GCST90479679,209623,643000000,.tsv.gz,,
2024_Verma_Science_PT_AFR_GCST90476327,https://ftp.ebi.ac.uk/pub/databases/gwas/summary_statistics/GCST90476001-GCST90477000/GCST90476327/GCST90476327.tsv.gz,,https://ftp.ebi.ac.uk/pub/databases/gwas/summary_statistics/GCST90476001-GCST90477000/GCST90476327/md5sum.txt,GRCh38,catalog-metadata,catalog_original,Verma A,2024,Science,PT,"prothrombin time (PT, mean, inv-norm transformed)",AFR,GCST90476327,25136,760000000,.tsv.gz,,
2024_Verma_Science_PT_AMR_GCST90476326,https://ftp.ebi.ac.uk/pub/databases/gwas/summary_statistics/GCST90476001-GCST90477000/GCST90476326/GCST90476326.tsv.gz,,https://ftp.ebi.ac.uk/pub/databases/gwas/summary_statistics/GCST90476001-GCST90477000/GCST90476326/md5sum.txt,GRCh38,"catalog-metadata: GRCh38; array data, imputation panel not stated",catalog_original,Verma A,2024,Science,PT,"prothrombin time (PT, mean, inv-norm transformed)",AMR,GCST90476326,9028,472000000,.tsv.gz,,
2024_Verma_Science_PT_EUR_GCST90476328,https://ftp.ebi.ac.uk/pub/databases/gwas/summary_statistics/GCST90476001-GCST90477000/GCST90476328/GCST90476328.tsv.gz,,https://ftp.ebi.ac.uk/pub/databases/gwas/summary_statistics/GCST90476001-GCST90477000/GCST90476328/md5sum.txt,GRCh38,"catalog-metadata: GRCh38; array data, imputation panel not stated",catalog_original,Verma A,2024,Science,PT,"prothrombin time (PT, mean, inv-norm transformed)",EUR,GCST90476328,86445,450000000,.tsv.gz,,
2024_Verma_Science_PT_MULTI_GCST90480663,https://ftp.ebi.ac.uk/pub/databases/gwas/summary_statistics/GCST90480001-GCST90481000/GCST90480663/GCST90480663.tsv.gz,,https://ftp.ebi.ac.uk/pub/databases/gwas/summary_statistics/GCST90480001-GCST90481000/GCST90480663/md5sum.txt,GRCh38,catalog-metadata,catalog_original,Verma A,2024,Science,PT,"prothrombin time (PT, mean, inv-norm transformed)",MULTI,GCST90480663,120609,537000000,.tsv.gz,,
2024_Verma_Science_Potassium_AFR_GCST90476306,https://ftp.ebi.ac.uk/pub/databases/gwas/summary_statistics/GCST90476001-GCST90477000/GCST90476306/GCST90476306.tsv.gz,,https://ftp.ebi.ac.uk/pub/databases/gwas/summary_statistics/GCST90476001-GCST90477000/GCST90476306/md5sum.txt,GRCh38,catalog-metadata,catalog_original,Verma A,2024,Science,Potassium,"potassium (mean, inv-norm transformed)",AFR,GCST90476306,118506,851000000,.tsv.gz,,
2024_Verma_Science_Potassium_AMR_GCST90476305,https://ftp.ebi.ac.uk/pub/databases/gwas/summary_statistics/GCST90476001-GCST90477000/GCST90476305/GCST90476305.tsv.gz,,https://ftp.ebi.ac.uk/pub/databases/gwas/summary_statistics/GCST90476001-GCST90477000/GCST90476305/md5sum.txt,GRCh38,"catalog-metadata: GRCh38; array data, imputation panel not stated",catalog_original,Verma A,2024,Science,Potassium,"potassium (mean, inv-norm transformed)",AMR,GCST90476305,57434,634000000,.tsv.gz,,
2024_Verma_Science_Potassium_EAS_GCST90479350,https://ftp.ebi.ac.uk/pub/databases/gwas/summary_statistics/GCST90479001-GCST90480000/GCST90479350/GCST90479350.tsv.gz,,https://ftp.ebi.ac.uk/pub/databases/gwas/summary_statistics/GCST90479001-GCST90480000/GCST90479350/md5sum.txt,GRCh38,"catalog-metadata: GRCh38; array data, imputation panel not stated",catalog_original,Verma A,2024,Science,Potassium,"potassium (mean, inv-norm transformed)",EAS,GCST90479350,6313,208000000,.tsv.gz,,
2024_Verma_Science_Potassium_EUR_GCST90476307,https://ftp.ebi.ac.uk/pub/databases/gwas/summary_statistics/GCST90476001-GCST90477000/GCST90476307/GCST90476307.tsv.gz,,https://ftp.ebi.ac.uk/pub/databases/gwas/summary_statistics/GCST90476001-GCST90477000/GCST90476307/md5sum.txt,GRCh38,"catalog-metadata: GRCh38; array data, imputation panel not stated",catalog_original,Verma A,2024,Science,Potassium,"potassium (mean, inv-norm transformed)",EUR,GCST90476307,421503,453000000,.tsv.gz,,
2024_Verma_Science_Potassium_MULTI_GCST90480654,https://ftp.ebi.ac.uk/pub/databases/gwas/summary_statistics/GCST90480001-GCST90481000/GCST90480654/GCST90480654.tsv.gz,,https://ftp.ebi.ac.uk/pub/databases/gwas/summary_statistics/GCST90480001-GCST90481000/GCST90480654/md5sum.txt,GRCh38,catalog-metadata,catalog_original,Verma A,2024,Science,Potassium,"potassium (mean, inv-norm transformed)",MULTI,GCST90480654,603756,709000000,.tsv.gz,,
2024_Verma_Science_Sodium_AFR_GCST90476394,https://ftp.ebi.ac.uk/pub/databases/gwas/summary_statistics/GCST90476001-GCST90477000/GCST90476394/GCST90476394.tsv.gz,,https://ftp.ebi.ac.uk/pub/databases/gwas/summary_statistics/GCST90476001-GCST90477000/GCST90476394/md5sum.txt,GRCh38,"catalog-metadata: GRCh38; array data, imputation panel not stated",catalog_original,Verma A,2024,Science,Sodium,"Sodium (mean, inv-norm transformed)",AFR,GCST90476394,118487,851000000,.tsv.gz,,
2024_Verma_Science_Sodium_AMR_GCST90476393,https://ftp.ebi.ac.uk/pub/databases/gwas/summary_statistics/GCST90476001-GCST90477000/GCST90476393/GCST90476393.tsv.gz,,https://ftp.ebi.ac.uk/pub/databases/gwas/summary_statistics/GCST90476001-GCST90477000/GCST90476393/md5sum.txt,GRCh38,"catalog-metadata: GRCh38; array data, imputation panel not stated",catalog_original,Verma A,2024,Science,Sodium,"Sodium (mean, inv-norm transformed)",AMR,GCST90476393,57407,634000000,.tsv.gz,,
2024_Verma_Science_Sodium_EAS_GCST90479476,https://ftp.ebi.ac.uk/pub/databases/gwas/summary_statistics/GCST90479001-GCST90480000/GCST90479476/GCST90479476.tsv.gz,,https://ftp.ebi.ac.uk/pub/databases/gwas/summary_statistics/GCST90479001-GCST90480000/GCST90479476/md5sum.txt,GRCh38,"catalog-metadata: GRCh38; array data, imputation panel not stated",catalog_original,Verma A,2024,Science,Sodium,"Sodium (mean, inv-norm transformed)",EAS,GCST90479476,6310,208000000,.tsv.gz,,
2024_Verma_Science_Sodium_EUR_GCST90476395,https://ftp.ebi.ac.uk/pub/databases/gwas/summary_statistics/GCST90476001-GCST90477000/GCST90476395/GCST90476395.tsv.gz,,https://ftp.ebi.ac.uk/pub/databases/gwas/summary_statistics/GCST90476001-GCST90477000/GCST90476395/md5sum.txt,GRCh38,"catalog-metadata: GRCh38; array data, imputation panel not stated",catalog_original,Verma A,2024,Science,Sodium,"Sodium (mean, inv-norm transformed)",EUR,GCST90476395,421240,453000000,.tsv.gz,,
2024_Verma_Science_Sodium_MULTI_GCST90480703,https://ftp.ebi.ac.uk/pub/databases/gwas/summary_statistics/GCST90480001-GCST90481000/GCST90480703/GCST90480703.tsv.gz,,https://ftp.ebi.ac.uk/pub/databases/gwas/summary_statistics/GCST90480001-GCST90481000/GCST90480703/md5sum.txt,GRCh38,"catalog-metadata: GRCh38; array data, imputation panel not stated",catalog_original,Verma A,2024,Science,Sodium,"Sodium (mean, inv-norm transformed)",MULTI,GCST90480703,603444,709000000,.tsv.gz,,
2024_Verma_Science_TransferrinSaturation_AFR_GCST90476444,https://ftp.ebi.ac.uk/pub/databases/gwas/summary_statistics/GCST90476001-GCST90477000/GCST90476444/GCST90476444.tsv.gz,,https://ftp.ebi.ac.uk/pub/databases/gwas/summary_statistics/GCST90476001-GCST90477000/GCST90476444/md5sum.txt,GRCh38,catalog-metadata,catalog_original,Verma A,2024,Science,TransferrinSaturation,"transferrin saturation (TSAT, mean, inv-norm transformed)",AFR,GCST90476444,18193,716000000,.tsv.gz,,
2024_Verma_Science_TransferrinSaturation_AMR_GCST90476443,https://ftp.ebi.ac.uk/pub/databases/gwas/summary_statistics/GCST90476001-GCST90477000/GCST90476443/GCST90476443.tsv.gz,,https://ftp.ebi.ac.uk/pub/databases/gwas/summary_statistics/GCST90476001-GCST90477000/GCST90476443/md5sum.txt,GRCh38,catalog-metadata,catalog_original,Verma A,2024,Science,TransferrinSaturation,"transferrin saturation (TSAT, mean, inv-norm transformed)",AMR,GCST90476443,7146,427000000,.tsv.gz,,
2024_Verma_Science_TransferrinSaturation_EUR_GCST90476445,https://ftp.ebi.ac.uk/pub/databases/gwas/summary_statistics/GCST90476001-GCST90477000/GCST90476445/GCST90476445.tsv.gz,,https://ftp.ebi.ac.uk/pub/databases/gwas/summary_statistics/GCST90476001-GCST90477000/GCST90476445/md5sum.txt,GRCh38,"catalog-metadata: GRCh38; array data, imputation panel not stated",catalog_original,Verma A,2024,Science,TransferrinSaturation,"transferrin saturation (TSAT, mean, inv-norm transformed)",EUR,GCST90476445,55766,439000000,.tsv.gz,,
2024_Verma_Science_TransferrinSaturation_MULTI_GCST90480721,https://ftp.ebi.ac.uk/pub/databases/gwas/summary_statistics/GCST90480001-GCST90481000/GCST90480721/GCST90480721.tsv.gz,,https://ftp.ebi.ac.uk/pub/databases/gwas/summary_statistics/GCST90480001-GCST90481000/GCST90480721/md5sum.txt,GRCh38,catalog-metadata,catalog_original,Verma A,2024,Science,TransferrinSaturation,"transferrin saturation (TSAT, mean, inv-norm transformed)",MULTI,GCST90480721,81105,487000000,.tsv.gz,,
2024_Wei_NatCommun_TSHpregnancy_EAS_GCST90435195,https://ftp.ebi.ac.uk/pub/databases/gwas/summary_statistics/GCST90435001-GCST90436000/GCST90435195/GCST90435195.tsv,,https://ftp.ebi.ac.uk/pub/databases/gwas/summary_statistics/GCST90435001-GCST90436000/GCST90435195/md5sum.txt,GRCh38,catalog-metadata: GRCh38; whole genome sequencing (native),catalog_original,Wei Y,2024,Nature Communications,TSHpregnancy,Thyroid stimulating hormone levels within normal range in pregnancy,EAS,GCST90435195,67471,568000000,.tsv,,
2025_Hoffmann_NatGenet_PSA_MULTI_GCST90461907,https://ftp.ebi.ac.uk/pub/databases/gwas/summary_statistics/GCST90461001-GCST90462000/GCST90461907/GCST90461907.tsv.gz,,https://ftp.ebi.ac.uk/pub/databases/gwas/summary_statistics/GCST90461001-GCST90462000/GCST90461907/md5sum.txt,GRCh37,catalog-metadata,catalog_original,Hoffmann TJ,2025,Nature Genetics,PSA,Prostate-specific antigen levels,MULTI,GCST90461907,392522,394000000,.tsv.gz,,
2025_Liu_Science_eGFRcrea_AFR_figshare47668984,https://ndownloader.figshare.com/files/47668984,,,GRCh37,author site (GRCh37/hg19),external,Liu H,2025,Science,eGFRcrea,eGFRcrea,AFR,,67943,0,.txt.gz,effect_allele=ALT;other_allele=REF;effect_allele_frequency=Freq_ALT,effect allele inferred from Freq_ALT
2025_Liu_Science_eGFRcrea_EAS_figshare49574424,https://ndownloader.figshare.com/files/49574424,,,GRCh37,author site (GRCh37/hg19),external,Liu H,2025,Science,eGFRcrea,eGFRcrea,EAS,,282852,0,.txt.gz,effect_allele=ALT;other_allele=REF;effect_allele_frequency=Freq_ALT,effect allele inferred from Freq_ALT
2025_Liu_Science_eGFRcrea_EUR_figshare47668981,https://ndownloader.figshare.com/files/47668981,,,GRCh37,author site (GRCh37/hg19),external,Liu H,2025,Science,eGFRcrea,eGFRcrea,EUR,,1785582,0,.txt.gz,effect_allele=ALT;other_allele=REF;effect_allele_frequency=Freq_ALT,effect allele inferred from Freq_ALT
2025_Liu_Science_eGFRcrea_MULTI_figshare47668987,https://ndownloader.figshare.com/files/47668987,,,GRCh37,author site (GRCh37/hg19),external,Liu H,2025,Science,eGFRcrea,eGFRcrea,MULTI,,2287877,0,.txt.gz,effect_allele=ALT;other_allele=REF;effect_allele_frequency=Freq_ALT,effect allele inferred from Freq_ALT
2025_Pagadala_NatCommun_TotalTestosteroneMen_AFR-M_GCST90503317,https://ftp.ebi.ac.uk/pub/databases/gwas/summary_statistics/GCST90503001-GCST90504000/GCST90503317/GCST90503317.tsv,,https://ftp.ebi.ac.uk/pub/databases/gwas/summary_statistics/GCST90503001-GCST90504000/GCST90503317/md5sum.txt,GRCh38,"catalog-metadata: GRCh38; array data, imputation panel not stated",catalog_original,Pagadala MS,2025,Nature Communications,TotalTestosteroneMen,Total testosterone levels,AFR-M,GCST90503317,27521,2600000000,.tsv,,
2025_Pagadala_NatCommun_TotalTestosteroneMen_AMR-M_GCST90503321,https://ftp.ebi.ac.uk/pub/databases/gwas/summary_statistics/GCST90503001-GCST90504000/GCST90503321/GCST90503321.tsv,,https://ftp.ebi.ac.uk/pub/databases/gwas/summary_statistics/GCST90503001-GCST90504000/GCST90503321/md5sum.txt,GRCh38,"catalog-metadata: GRCh38; array data, imputation panel not stated",catalog_original,Pagadala MS,2025,Nature Communications,TotalTestosteroneMen,Total testosterone levels,AMR-M,GCST90503321,13443,2000000000,.tsv,,
2025_Pagadala_NatCommun_TotalTestosteroneMen_EAS-M_GCST90503325,https://ftp.ebi.ac.uk/pub/databases/gwas/summary_statistics/GCST90503001-GCST90504000/GCST90503325/GCST90503325.tsv,,https://ftp.ebi.ac.uk/pub/databases/gwas/summary_statistics/GCST90503001-GCST90504000/GCST90503325/md5sum.txt,GRCh38,"catalog-metadata: GRCh38; array data, imputation panel not stated",catalog_original,Pagadala MS,2025,Nature Communications,TotalTestosteroneMen,Total testosterone levels,EAS-M,GCST90503325,1836,1800000000,.tsv,,
2025_Pagadala_NatCommun_TotalTestosteroneMen_EUR-M_GCST90503313,https://ftp.ebi.ac.uk/pub/databases/gwas/summary_statistics/GCST90503001-GCST90504000/GCST90503313/GCST90503313.tsv,,https://ftp.ebi.ac.uk/pub/databases/gwas/summary_statistics/GCST90503001-GCST90504000/GCST90503313/md5sum.txt,GRCh38,"catalog-metadata: GRCh38; array data, imputation panel not stated",catalog_original,Pagadala MS,2025,Nature Communications,TotalTestosteroneMen,Total testosterone levels,EUR-M,GCST90503313,95184,1300000000,.tsv,,
2025_UKBWGS_Nature_ApoA1_AFR_GCST90474306,https://ftp.ebi.ac.uk/pub/databases/gwas/summary_statistics/GCST90474001-GCST90475000/GCST90474306/GCST90474306.tsv.gz,,https://ftp.ebi.ac.uk/pub/databases/gwas/summary_statistics/GCST90474001-GCST90475000/GCST90474306/md5sum.txt,GRCh38,catalog-metadata: GRCh38; whole genome sequencing (native),catalog_original,UK Biobank Whole-Genome Sequencing Consortium,2025,Nature,ApoA1,Apolipoprotein A levels (UKB data field 30630),AFR,GCST90474306,7884,1100000000,.tsv.gz,,
2025_UKBWGS_Nature_ApoA1_ASJ_GCST90474307,https://ftp.ebi.ac.uk/pub/databases/gwas/summary_statistics/GCST90474001-GCST90475000/GCST90474307/GCST90474307.tsv.gz,,https://ftp.ebi.ac.uk/pub/databases/gwas/summary_statistics/GCST90474001-GCST90475000/GCST90474307/md5sum.txt,GRCh38,catalog-metadata: GRCh38; whole genome sequencing (native),catalog_original,UK Biobank Whole-Genome Sequencing Consortium,2025,Nature,ApoA1,Apolipoprotein A levels (UKB data field 30630),ASJ,GCST90474307,2425,427000000,.tsv.gz,,
2025_UKBWGS_Nature_ApoA1_EAS_GCST90474308,https://ftp.ebi.ac.uk/pub/databases/gwas/summary_statistics/GCST90474001-GCST90475000/GCST90474308/GCST90474308.tsv.gz,,https://ftp.ebi.ac.uk/pub/databases/gwas/summary_statistics/GCST90474001-GCST90475000/GCST90474308/md5sum.txt,GRCh38,catalog-metadata: GRCh38; whole genome sequencing (native),catalog_original,UK Biobank Whole-Genome Sequencing Consortium,2025,Nature,ApoA1,Apolipoprotein A levels (UKB data field 30630),EAS,GCST90474308,1875,363000000,.tsv.gz,,
2025_UKBWGS_Nature_ApoA1_EUR_GCST90474309,https://ftp.ebi.ac.uk/pub/databases/gwas/summary_statistics/GCST90474001-GCST90475000/GCST90474309/GCST90474309.tsv.gz,,https://ftp.ebi.ac.uk/pub/databases/gwas/summary_statistics/GCST90474001-GCST90475000/GCST90474309/md5sum.txt,GRCh38,catalog-metadata: GRCh38; whole genome sequencing (native),catalog_original,UK Biobank Whole-Genome Sequencing Consortium,2025,Nature,ApoA1,Apolipoprotein A levels (UKB data field 30630),EUR,GCST90474309,393058,3300000000,.tsv.gz,,
2025_UKBWGS_Nature_ApoA1_SAS_GCST90474310,https://ftp.ebi.ac.uk/pub/databases/gwas/summary_statistics/GCST90474001-GCST90475000/GCST90474310/GCST90474310.tsv.gz,,https://ftp.ebi.ac.uk/pub/databases/gwas/summary_statistics/GCST90474001-GCST90475000/GCST90474310/md5sum.txt,GRCh38,catalog-metadata: GRCh38; whole genome sequencing (native),catalog_original,UK Biobank Whole-Genome Sequencing Consortium,2025,Nature,ApoA1,Apolipoprotein A levels (UKB data field 30630),SAS,GCST90474310,8247,703000000,.tsv.gz,,
2025_UKBWGS_Nature_ApoB_AFR_GCST90474311,https://ftp.ebi.ac.uk/pub/databases/gwas/summary_statistics/GCST90474001-GCST90475000/GCST90474311/GCST90474311.tsv.gz,,https://ftp.ebi.ac.uk/pub/databases/gwas/summary_statistics/GCST90474001-GCST90475000/GCST90474311/md5sum.txt,GRCh38,catalog-metadata: GRCh38; whole genome sequencing (native),catalog_original,UK Biobank Whole-Genome Sequencing Consortium,2025,Nature,ApoB,Apolipoprotein B levels (UKB data field 30640),AFR,GCST90474311,8497,1100000000,.tsv.gz,,
2025_UKBWGS_Nature_ApoB_ASJ_GCST90474312,https://ftp.ebi.ac.uk/pub/databases/gwas/summary_statistics/GCST90474001-GCST90475000/GCST90474312/GCST90474312.tsv.gz,,https://ftp.ebi.ac.uk/pub/databases/gwas/summary_statistics/GCST90474001-GCST90475000/GCST90474312/md5sum.txt,GRCh38,catalog-metadata: GRCh38; whole genome sequencing (native),catalog_original,UK Biobank Whole-Genome Sequencing Consortium,2025,Nature,ApoB,Apolipoprotein B levels (UKB data field 30640),ASJ,GCST90474312,2642,433000000,.tsv.gz,,
2025_UKBWGS_Nature_ApoB_EAS_GCST90474313,https://ftp.ebi.ac.uk/pub/databases/gwas/summary_statistics/GCST90474001-GCST90475000/GCST90474313/GCST90474313.tsv.gz,,https://ftp.ebi.ac.uk/pub/databases/gwas/summary_statistics/GCST90474001-GCST90475000/GCST90474313/md5sum.txt,GRCh38,catalog-metadata: GRCh38; whole genome sequencing (native),catalog_original,UK Biobank Whole-Genome Sequencing Consortium,2025,Nature,ApoB,Apolipoprotein B levels (UKB data field 30640),EAS,GCST90474313,2057,371000000,.tsv.gz,,
2025_UKBWGS_Nature_ApoB_EUR_GCST90474314,https://ftp.ebi.ac.uk/pub/databases/gwas/summary_statistics/GCST90474001-GCST90475000/GCST90474314/GCST90474314.tsv.gz,,https://ftp.ebi.ac.uk/pub/databases/gwas/summary_statistics/GCST90474001-GCST90475000/GCST90474314/md5sum.txt,GRCh38,catalog-metadata: GRCh38; whole genome sequencing (native),catalog_original,UK Biobank Whole-Genome Sequencing Consortium,2025,Nature,ApoB,Apolipoprotein B levels (UKB data field 30640),EUR,GCST90474314,429941,3300000000,.tsv.gz,,
2025_UKBWGS_Nature_ApoB_SAS_GCST90474315,https://ftp.ebi.ac.uk/pub/databases/gwas/summary_statistics/GCST90474001-GCST90475000/GCST90474315/GCST90474315.tsv.gz,,https://ftp.ebi.ac.uk/pub/databases/gwas/summary_statistics/GCST90474001-GCST90475000/GCST90474315/md5sum.txt,GRCh38,catalog-metadata: GRCh38; whole genome sequencing (native),catalog_original,UK Biobank Whole-Genome Sequencing Consortium,2025,Nature,ApoB,Apolipoprotein B levels (UKB data field 30640),SAS,GCST90474315,8985,705000000,.tsv.gz,,
2026_Tambets_Nature_ApoA1NMR_AFR_GCST90449866,https://ftp.ebi.ac.uk/pub/databases/gwas/summary_statistics/GCST90449001-GCST90450000/GCST90449866/GCST90449866.tsv.gz,,https://ftp.ebi.ac.uk/pub/databases/gwas/summary_statistics/GCST90449001-GCST90450000/GCST90449866/md5sum.txt,GRCh38,catalog-metadata,catalog_original,Tambets R,2026,Nature,ApoA1NMR,Apolipoprotein A1 levels,AFR,GCST90449866,6439,873000000,.tsv.gz,,
2026_Tambets_Nature_ApoA1NMR_AMR_GCST90450115,https://ftp.ebi.ac.uk/pub/databases/gwas/summary_statistics/GCST90450001-GCST90451000/GCST90450115/GCST90450115.tsv.gz,,https://ftp.ebi.ac.uk/pub/databases/gwas/summary_statistics/GCST90450001-GCST90451000/GCST90450115/md5sum.txt,GRCh38,catalog-metadata,catalog_original,Tambets R,2026,Nature,ApoA1NMR,Apolipoprotein A1 levels,AMR,GCST90450115,928,322000000,.tsv.gz,,
2026_Tambets_Nature_ApoA1NMR_EAS_GCST90450613,https://ftp.ebi.ac.uk/pub/databases/gwas/summary_statistics/GCST90450001-GCST90451000/GCST90450613/GCST90450613.tsv.gz,,https://ftp.ebi.ac.uk/pub/databases/gwas/summary_statistics/GCST90450001-GCST90451000/GCST90450613/md5sum.txt,GRCh38,catalog-metadata,catalog_original,Tambets R,2026,Nature,ApoA1NMR,Apolipoprotein A1 levels,EAS,GCST90450613,2604,346000000,.tsv.gz,,
2026_Tambets_Nature_ApoA1NMR_EUR_GCST90449368,https://ftp.ebi.ac.uk/pub/databases/gwas/summary_statistics/GCST90449001-GCST90450000/GCST90449368/GCST90449368.tsv.gz,,https://ftp.ebi.ac.uk/pub/databases/gwas/summary_statistics/GCST90449001-GCST90450000/GCST90449368/md5sum.txt,GRCh38,catalog-metadata,catalog_original,Tambets R,2026,Nature,ApoA1NMR,Apolipoprotein A1 levels,EUR,GCST90449368,185352,869000000,.tsv.gz,,
2026_Tambets_Nature_ApoA1NMR_EUR_GCST90449617,https://ftp.ebi.ac.uk/pub/databases/gwas/summary_statistics/GCST90449001-GCST90450000/GCST90449617/GCST90449617.tsv.gz,,https://ftp.ebi.ac.uk/pub/databases/gwas/summary_statistics/GCST90449001-GCST90450000/GCST90449617/md5sum.txt,GRCh38,catalog-metadata,catalog_original,Tambets R,2026,Nature,ApoA1NMR,Apolipoprotein A1 levels,EUR,GCST90449617,413897,3100000000,.tsv.gz,,
2026_Tambets_Nature_ApoA1NMR_EUR_GCST90451111,https://ftp.ebi.ac.uk/pub/databases/gwas/summary_statistics/GCST90451001-GCST90452000/GCST90451111/GCST90451111.tsv.gz,,https://ftp.ebi.ac.uk/pub/databases/gwas/summary_statistics/GCST90451001-GCST90452000/GCST90451111/md5sum.txt,GRCh38,catalog-metadata,catalog_original,Tambets R,2026,Nature,ApoA1NMR,Apolipoprotein A1 levels,EUR,GCST90451111,599249,3400000000,.tsv.gz,,
2026_Tambets_Nature_ApoA1NMR_MULTI_GCST90450364,https://ftp.ebi.ac.uk/pub/databases/gwas/summary_statistics/GCST90450001-GCST90451000/GCST90450364/GCST90450364.tsv.gz,,https://ftp.ebi.ac.uk/pub/databases/gwas/summary_statistics/GCST90450001-GCST90451000/GCST90450364/md5sum.txt,GRCh38,catalog-metadata,catalog_original,Tambets R,2026,Nature,ApoA1NMR,Apolipoprotein A1 levels,MULTI,GCST90450364,8652,579000000,.tsv.gz,,
2026_Tambets_Nature_ApoA1NMR_MULTI_GCST90450862,https://ftp.ebi.ac.uk/pub/databases/gwas/summary_statistics/GCST90450001-GCST90451000/GCST90450862/GCST90450862.tsv.gz,,https://ftp.ebi.ac.uk/pub/databases/gwas/summary_statistics/GCST90450001-GCST90451000/GCST90450862/md5sum.txt,GRCh38,catalog-metadata,catalog_original,Tambets R,2026,Nature,ApoA1NMR,Apolipoprotein A1 levels,MULTI,GCST90450862,1500,434000000,.tsv.gz,,
2026_Tambets_Nature_ApoA1NMR_MULTI_GCST90451360,https://ftp.ebi.ac.uk/pub/databases/gwas/summary_statistics/GCST90451001-GCST90452000/GCST90451360/GCST90451360.tsv.gz,,https://ftp.ebi.ac.uk/pub/databases/gwas/summary_statistics/GCST90451001-GCST90452000/GCST90451360/md5sum.txt,GRCh38,catalog-metadata,catalog_original,Tambets R,2026,Nature,ApoA1NMR,Apolipoprotein A1 levels,MULTI,GCST90451360,619372,4700000000,.tsv.gz,,
2026_Tambets_Nature_ApoBNMR_AFR_GCST90449868,https://ftp.ebi.ac.uk/pub/databases/gwas/summary_statistics/GCST90449001-GCST90450000/GCST90449868/GCST90449868.tsv.gz,,https://ftp.ebi.ac.uk/pub/databases/gwas/summary_statistics/GCST90449001-GCST90450000/GCST90449868/md5sum.txt,GRCh38,catalog-metadata,catalog_original,Tambets R,2026,Nature,ApoBNMR,Apolipoprotein B levels,AFR,GCST90449868,6439,873000000,.tsv.gz,,
2026_Tambets_Nature_ApoBNMR_AMR_GCST90450117,https://ftp.ebi.ac.uk/pub/databases/gwas/summary_statistics/GCST90450001-GCST90451000/GCST90450117/GCST90450117.tsv.gz,,https://ftp.ebi.ac.uk/pub/databases/gwas/summary_statistics/GCST90450001-GCST90451000/GCST90450117/md5sum.txt,GRCh38,catalog-metadata,catalog_original,Tambets R,2026,Nature,ApoBNMR,Apolipoprotein B levels,AMR,GCST90450117,928,322000000,.tsv.gz,,
2026_Tambets_Nature_ApoBNMR_EAS_GCST90450615,https://ftp.ebi.ac.uk/pub/databases/gwas/summary_statistics/GCST90450001-GCST90451000/GCST90450615/GCST90450615.tsv.gz,,https://ftp.ebi.ac.uk/pub/databases/gwas/summary_statistics/GCST90450001-GCST90451000/GCST90450615/md5sum.txt,GRCh38,catalog-metadata,catalog_original,Tambets R,2026,Nature,ApoBNMR,Apolipoprotein B levels,EAS,GCST90450615,2604,346000000,.tsv.gz,,
2026_Tambets_Nature_ApoBNMR_EUR_GCST90449370,https://ftp.ebi.ac.uk/pub/databases/gwas/summary_statistics/GCST90449001-GCST90450000/GCST90449370/GCST90449370.tsv.gz,,https://ftp.ebi.ac.uk/pub/databases/gwas/summary_statistics/GCST90449001-GCST90450000/GCST90449370/md5sum.txt,GRCh38,catalog-metadata,catalog_original,Tambets R,2026,Nature,ApoBNMR,Apolipoprotein B levels,EUR,GCST90449370,185352,869000000,.tsv.gz,,
2026_Tambets_Nature_ApoBNMR_EUR_GCST90449619,https://ftp.ebi.ac.uk/pub/databases/gwas/summary_statistics/GCST90449001-GCST90450000/GCST90449619/GCST90449619.tsv.gz,,https://ftp.ebi.ac.uk/pub/databases/gwas/summary_statistics/GCST90449001-GCST90450000/GCST90449619/md5sum.txt,GRCh38,catalog-metadata,catalog_original,Tambets R,2026,Nature,ApoBNMR,Apolipoprotein B levels,EUR,GCST90449619,413897,3100000000,.tsv.gz,,
2026_Tambets_Nature_ApoBNMR_EUR_GCST90451113,https://ftp.ebi.ac.uk/pub/databases/gwas/summary_statistics/GCST90451001-GCST90452000/GCST90451113/GCST90451113.tsv.gz,,https://ftp.ebi.ac.uk/pub/databases/gwas/summary_statistics/GCST90451001-GCST90452000/GCST90451113/md5sum.txt,GRCh38,catalog-metadata,catalog_original,Tambets R,2026,Nature,ApoBNMR,Apolipoprotein B levels,EUR,GCST90451113,599249,3400000000,.tsv.gz,,
2026_Tambets_Nature_ApoBNMR_MULTI_GCST90450366,https://ftp.ebi.ac.uk/pub/databases/gwas/summary_statistics/GCST90450001-GCST90451000/GCST90450366/GCST90450366.tsv.gz,,https://ftp.ebi.ac.uk/pub/databases/gwas/summary_statistics/GCST90450001-GCST90451000/GCST90450366/md5sum.txt,GRCh38,catalog-metadata,catalog_original,Tambets R,2026,Nature,ApoBNMR,Apolipoprotein B levels,MULTI,GCST90450366,8652,579000000,.tsv.gz,,
2026_Tambets_Nature_ApoBNMR_MULTI_GCST90450864,https://ftp.ebi.ac.uk/pub/databases/gwas/summary_statistics/GCST90450001-GCST90451000/GCST90450864/GCST90450864.tsv.gz,,https://ftp.ebi.ac.uk/pub/databases/gwas/summary_statistics/GCST90450001-GCST90451000/GCST90450864/md5sum.txt,GRCh38,catalog-metadata,catalog_original,Tambets R,2026,Nature,ApoBNMR,Apolipoprotein B levels,MULTI,GCST90450864,1500,434000000,.tsv.gz,,
2026_Tambets_Nature_ApoBNMR_MULTI_GCST90451362,https://ftp.ebi.ac.uk/pub/databases/gwas/summary_statistics/GCST90451001-GCST90452000/GCST90451362/GCST90451362.tsv.gz,,https://ftp.ebi.ac.uk/pub/databases/gwas/summary_statistics/GCST90451001-GCST90452000/GCST90451362/md5sum.txt,GRCh38,catalog-metadata,catalog_original,Tambets R,2026,Nature,ApoBNMR,Apolipoprotein B levels,MULTI,GCST90451362,619372,4700000000,.tsv.gz,,
2026_Tambets_Nature_GlucoseNMR_AFR_GCST90449877,https://ftp.ebi.ac.uk/pub/databases/gwas/summary_statistics/GCST90449001-GCST90450000/GCST90449877/GCST90449877.tsv.gz,,https://ftp.ebi.ac.uk/pub/databases/gwas/summary_statistics/GCST90449001-GCST90450000/GCST90449877/md5sum.txt,GRCh38,catalog-metadata,catalog_original,Tambets R,2026,Nature,GlucoseNMR,Glucose levels,AFR,GCST90449877,6439,873000000,.tsv.gz,,
2026_Tambets_Nature_GlucoseNMR_AMR_GCST90450126,https://ftp.ebi.ac.uk/pub/databases/gwas/summary_statistics/GCST90450001-GCST90451000/GCST90450126/GCST90450126.tsv.gz,,https://ftp.ebi.ac.uk/pub/databases/gwas/summary_statistics/GCST90450001-GCST90451000/GCST90450126/md5sum.txt,GRCh38,catalog-metadata: GRCh38; imputed to the Genomics England panel (native),catalog_original,Tambets R,2026,Nature,GlucoseNMR,Glucose levels,AMR,GCST90450126,928,322000000,.tsv.gz,,
2026_Tambets_Nature_GlucoseNMR_EAS_GCST90450624,https://ftp.ebi.ac.uk/pub/databases/gwas/summary_statistics/GCST90450001-GCST90451000/GCST90450624/GCST90450624.tsv.gz,,https://ftp.ebi.ac.uk/pub/databases/gwas/summary_statistics/GCST90450001-GCST90451000/GCST90450624/md5sum.txt,GRCh38,catalog-metadata,catalog_original,Tambets R,2026,Nature,GlucoseNMR,Glucose levels,EAS,GCST90450624,2604,346000000,.tsv.gz,,
2026_Tambets_Nature_GlucoseNMR_EUR_GCST90449379,https://ftp.ebi.ac.uk/pub/databases/gwas/summary_statistics/GCST90449001-GCST90450000/GCST90449379/GCST90449379.tsv.gz,,https://ftp.ebi.ac.uk/pub/databases/gwas/summary_statistics/GCST90449001-GCST90450000/GCST90449379/md5sum.txt,GRCh38,catalog-metadata: GRCh38; imputed to the Genomics England panel (native),catalog_original,Tambets R,2026,Nature,GlucoseNMR,Glucose levels,EUR,GCST90449379,185352,869000000,.tsv.gz,,
2026_Tambets_Nature_GlucoseNMR_EUR_GCST90449628,https://ftp.ebi.ac.uk/pub/databases/gwas/summary_statistics/GCST90449001-GCST90450000/GCST90449628/GCST90449628.tsv.gz,,https://ftp.ebi.ac.uk/pub/databases/gwas/summary_statistics/GCST90449001-GCST90450000/GCST90449628/md5sum.txt,GRCh38,catalog-metadata,catalog_original,Tambets R,2026,Nature,GlucoseNMR,Glucose levels,EUR,GCST90449628,413897,3100000000,.tsv.gz,,
2026_Tambets_Nature_GlucoseNMR_EUR_GCST90451122,https://ftp.ebi.ac.uk/pub/databases/gwas/summary_statistics/GCST90451001-GCST90452000/GCST90451122/GCST90451122.tsv.gz,,https://ftp.ebi.ac.uk/pub/databases/gwas/summary_statistics/GCST90451001-GCST90452000/GCST90451122/md5sum.txt,GRCh38,catalog-metadata,catalog_original,Tambets R,2026,Nature,GlucoseNMR,Glucose levels,EUR,GCST90451122,599249,3400000000,.tsv.gz,,
2026_Tambets_Nature_GlucoseNMR_MULTI_GCST90450375,https://ftp.ebi.ac.uk/pub/databases/gwas/summary_statistics/GCST90450001-GCST90451000/GCST90450375/GCST90450375.tsv.gz,,https://ftp.ebi.ac.uk/pub/databases/gwas/summary_statistics/GCST90450001-GCST90451000/GCST90450375/md5sum.txt,GRCh38,catalog-metadata,catalog_original,Tambets R,2026,Nature,GlucoseNMR,Glucose levels,MULTI,GCST90450375,8652,579000000,.tsv.gz,,
2026_Tambets_Nature_GlucoseNMR_MULTI_GCST90450873,https://ftp.ebi.ac.uk/pub/databases/gwas/summary_statistics/GCST90450001-GCST90451000/GCST90450873/GCST90450873.tsv.gz,,https://ftp.ebi.ac.uk/pub/databases/gwas/summary_statistics/GCST90450001-GCST90451000/GCST90450873/md5sum.txt,GRCh38,catalog-metadata,catalog_original,Tambets R,2026,Nature,GlucoseNMR,Glucose levels,MULTI,GCST90450873,1500,434000000,.tsv.gz,,
2026_Tambets_Nature_GlucoseNMR_MULTI_GCST90451371,https://ftp.ebi.ac.uk/pub/databases/gwas/summary_statistics/GCST90451001-GCST90452000/GCST90451371/GCST90451371.tsv.gz,,https://ftp.ebi.ac.uk/pub/databases/gwas/summary_statistics/GCST90451001-GCST90452000/GCST90451371/md5sum.txt,GRCh38,catalog-metadata,catalog_original,Tambets R,2026,Nature,GlucoseNMR,Glucose levels,MULTI,GCST90451371,619372,4700000000,.tsv.gz,,
2026_Timsina_NatCommun_CSFAbeta42_EUR_GCST90726396,https://ftp.ebi.ac.uk/pub/databases/gwas/summary_statistics/GCST90726001-GCST90727000/GCST90726396/GCST90726396.tsv,,https://ftp.ebi.ac.uk/pub/databases/gwas/summary_statistics/GCST90726001-GCST90727000/GCST90726396/md5sum.txt,GRCh38,catalog-metadata: GRCh38; imputed with TOPMed r2 (native),catalog_original,Timsina J,2026,Nature Communications,CSFAbeta42,Cerebrospinal fluid amyloid beta 42 levels,EUR,GCST90726396,18948,281000000,.tsv,,
2026_Timsina_NatCommun_CSFpTau181_EUR_GCST90726398,https://ftp.ebi.ac.uk/pub/databases/gwas/summary_statistics/GCST90726001-GCST90727000/GCST90726398/GCST90726398.tsv,,https://ftp.ebi.ac.uk/pub/databases/gwas/summary_statistics/GCST90726001-GCST90727000/GCST90726398/md5sum.txt,GRCh38,catalog-metadata: GRCh38; imputed with TOPMed r2 (native),catalog_original,Timsina J,2026,Nature Communications,CSFpTau181,Cerebrospinal fluid p-tau181 levels,EUR,GCST90726398,18948,282000000,.tsv,,
2026_Timsina_NatCommun_CSFtTau_EUR_GCST90726397,https://ftp.ebi.ac.uk/pub/databases/gwas/summary_statistics/GCST90726001-GCST90727000/GCST90726397/GCST90726397.tsv,,https://ftp.ebi.ac.uk/pub/databases/gwas/summary_statistics/GCST90726001-GCST90727000/GCST90726397/md5sum.txt,GRCh38,catalog-metadata: GRCh38; imputed with TOPMed r2 (native),catalog_original,Timsina J,2026,Nature Communications,CSFtTau,Cerebrospinal fluid t-tau levels,EUR,GCST90726397,18948,281000000,.tsv,,
